Address_2                                          ,State ,Casino_Name                                                 ,Lat 2nd Run ,Long 2nd Run ,fips_codes
310 Bayview Blvd Klawock AK 99925                  ,AK    ,Klawock Bingo                                               ,55.55855186 ,-133.0981653 ,['02198']
Western Ave Metlakatla AK 99926                    ,AK    ,MIC Gaming Casino                                           ,55.1278099  ,-131.5837248 ,"['02130', '02198']"
6450 AL-21 Atmore AL 36502                         ,AL    ,Wind Creek Casino and Hotel - Atmore                        ,31.11228635 ,-87.47290406 ,"['01035', '12033', '12113', '01053', '01003', '01099', '01025']"
1801 Eddie L Tullis Rd Montgomery AL 36117         ,AL    ,Wind Creek Casino and Hotel - Montgomery                    ,32.425383   ,-86.1392198  ,"['01001', '01051', '01087', '01101', '01041', '01021', '01037', '01085', '01011', '01109', '01123']"
100 River Oaks Dr Wetumpka AL 36092                ,AL    ,Wind Creek Casino and Hotel - Wetumpka                      ,32.5271229  ,-86.21006334 ,"['01001', '01051', '01087', '01101', '01021', '01037', '01085', '01011', '01123']"
15406 N Maricopa Rd Maricopa AZ 85139              ,AZ    ,Harrah's Ak-Chin Casino Resort                              ,33.02299395 ,-112.0498898 ,"['04013', '04021']"
15318 S Avenue B Somerton AZ 85350                 ,AZ    ,Cocopah Bingo and Casino                                    ,32.6186616  ,-114.6496882 ,"['06025', '04027', '04012']"
100 W Riverside Dr Parker AZ 85344                 ,AZ    ,Blue Water Casino                                           ,34.1525717  ,-114.2840198 ,"['04015', '06071', '06065', '04012']"
10180 N Fort McDowell Rd Fort McDowell AZ 85264    ,AZ    ,We-Ko-Pa Casino Resort                                      ,33.628925   ,-111.6762303 ,"['04013', '04007', '04021', '04025']"
8555 AZ-95 Mohave Valley AZ 86440                  ,AZ    ,Spirit Mountain Casino                                      ,34.90746005 ,-114.5980049 ,"['32003', '04015', '06071']"
6443 South Komatke Lane                            ,AZ    ,Vee Quiva Casino                                            ,33.3114539  ,-112.1606291 ,"['04013', '04021']"
Chandler AZ 85226                                  ,AZ    ,Wild Horse Pass Casino                                      ,33.3062031  ,-111.841185  ,"['04013', '04021']"
1077 S Kyrene Rd Chandler AZ 85226                 ,AZ    ,Lone Butte Casino                                           ,33.3191052  ,-111.9454993 ,"['04013', '04021']"
Flagstaff AZ 86004                                 ,AZ    ,Twin Arrows Navajo Casino Resort                            ,35.1987522  ,-111.651822  ,"['04005', '04025']"
5655 W Valencia Rd Tucson AZ 85757                 ,AZ    ,Casino Del Sol                                              ,32.1339052  ,-110.990759  ,"['04023', '04021', '04019']"
Tucson AZ 85757 USA                                ,AZ    ,Casino of the Sun                                           ,32.2228765  ,-110.974847  ,"['04021', '04019']"
524 N 92nd St Scottsdale AZ 85256                  ,AZ    ,Casino Arizona                                              ,33.4768157  ,-111.8826973 ,"['04013', '04021']"
9800 Talking Stick Way Scottsdale AZ 85256         ,AZ    ,Talking Stick Resort                                        ,33.5408139  ,-111.8696667 ,"['04013', '04021']"
2407 E Ash St Globe AZ 85501                       ,AZ    ,Apache Gold Casino                                          ,33.3929981  ,-110.7814202 ,"['04009', '04013', '04007', '04021']"
80440 E Aravaipa Rd Winkelman AZ 85192             ,AZ    ,Apache Sky Casino                                           ,32.8487462  ,-110.7028107 ,"['04009', '04007', '04021', '04019']"
9431 W Northern Ave Glendale AZ 85305              ,AZ    ,Desert Diamond Casino West Valley Si'al Ke                  ,33.54668555 ,-112.2611265 ,"['04013', '04021', '04025']"
Indian Rte 3 Pisinemo AZ 85634                     ,AZ    ,Desert Diamond Why                                          ,31.92252304 ,-112.2141602 ,['04019']
7350 S Nogales Hwy Tucson AZ 85756                 ,AZ    ,Desert Diamond Tucson                                       ,32.1256815  ,-110.9611126 ,"['04023', '04021', '04019']"
1100 W Pima Mine Rd Sahuarita AZ 85629             ,AZ    ,Desert Diamond Sahuarita                                    ,32.001234   ,-110.9780074 ,"['04023', '04019']"
308 E Ridge Ln Payson AZ 85541                     ,AZ    ,Mazatzal Hotel & Casino                                     ,34.22496845 ,-111.3260195 ,"['04005', '04013', '04007', '04025']"
777 AZ-260 Pinetop AZ 85935                        ,AZ    ,Hon Dah Resort - Casino                                     ,34.12971953 ,-109.9462642 ,"['04007', '04001', '04017']"
555 W Middle Verde Rd Camp Verde AZ 86322          ,AZ    ,Cliff Castle Casino                                         ,34.60643655 ,-111.8623177 ,"['04005', '04007', '04025']"
500 AZ-89 Prescott AZ 86301                        ,AZ    ,Bucky's Casino                                              ,34.5553492  ,-112.4534938 ,"['04005', '04025']"
1505 AZ-69 Prescott AZ 86301                       ,AZ    ,Yavapai Gaming Center                                       ,34.54817253 ,-112.446286  ,['04025']
32-250 Bob Hope Dr Rancho Mirage CA 92270          ,CA    ,Agua Caliente Casino Rancho Mirage                          ,33.81481985 ,-116.408331  ,"['06073', '06071', '06065']"
32-279 Bob Hope Dr Rancho Mirage CA 92270          ,CA    ,Agua Caliente Fuel                                          ,33.8151426  ,-116.4103821 ,"['06073', '06071', '06065']"
68960 E Palm Canyon Dr Cathedral City CA 92234     ,CA    ,Agua Caliente Casino Cathedral City                         ,33.77888994 ,-116.4607148 ,"['06073', '06071', '06065']"
401 E Amado Rd Palm Springs CA 92262               ,CA    ,Agua Caliente Casino Palm Springs                           ,33.826751   ,-116.5238115 ,"['06073', '06071', '06065']"
101-199 Water St Alturas CA 96101                  ,CA    ,Desert Rose Casino                                          ,41.4809316  ,-120.5422916 ,"['06035', '06049']"
84360 Avenue 54 Coachella CA 92236                 ,CA    ,Augustine Casino                                            ,33.656474   ,-116.1928278 ,"['06073', '06025', '06071', '06065']"
1932 Wildcat Canyon Rd Lakeside CA 92040           ,CA    ,Barona Valley Ranch Resort and Casino                       ,32.890957   ,-116.891342  ,['06073']
Main Street Loleta CA                              ,CA    ,Bear River Casino Resort                                    ,40.6396923  ,-124.2248146 ,['06023']
Main Street Loleta CA                              ,CA    ,Bear River Pump and Play                                    ,40.6396923  ,-124.2248146 ,['06023']
4020 Olive Hwy Oroville CA 95966                   ,CA    ,Gold Country Casino                                         ,39.5014381  ,-121.5314695 ,"['06057', '06115', '06101', '06063', '06011', '06021', '06007']"
33049 Auberry Rd Auberry CA 93602                  ,CA    ,Mono Wind Casino                                            ,37.07481299 ,-119.4861776 ,"['06019', '06039', '06043']"
2565 Parallel Dr Lakeport CA 95453                 ,CA    ,Konocti Vista Casino Resort & Marina                        ,39.02055001 ,-122.9159127 ,"['06033', '06045', '06097', '06011', '06021']"
2742 N Sierra Hwy Bishop CA 93514                  ,CA    ,Wanaaha Casino fka Paiute Palace                            ,37.3758512  ,-118.4105953 ,"['06019', '06051', '06027', '32009']"
411 I St Blue Lake CA 95525                        ,CA    ,Playstation 777                                             ,40.8815745  ,-123.9859224 ,"['06023', '06105']"
411 I St Blue Lake CA 95525                        ,CA    ,Blue Lake Casino                                            ,40.8815745  ,-123.9859224 ,"['06023', '06105']"
450 S Mills St Ione CA 95640                       ,CA    ,Harrah's Northern California                                ,38.34858991 ,-120.9355818 ,"['06005', '06009', '06099', '06077', '06061', '06017', '06067']"
84-245 Indio Springs Pkwy Indio CA 92203           ,CA    ,Fantasy Springs Resort Casino                               ,33.720646   ,-116.1847436 ,"['06073', '06025', '06071', '06065']"
3770 CA-45 Colusa CA 95932                         ,CA    ,Colusa Casino Resort                                        ,39.25537824 ,-122.0315176 ,"['06115', '06101', '06113', '06011', '06021', '06007']"
53071 CA-371 Anza CA 92539                         ,CA    ,Cahuilla Casino                                             ,33.54399777 ,-116.7335038 ,"['06073', '06065']"
1800 Golden Acorn Way Campo CA 91906               ,CA    ,Golden Acorn Casino                                         ,32.7022228  ,-116.3548245 ,"['06073', '06025']"
10 Havasu Lake Rd Havasu Lake CA 92363             ,CA    ,Havasu Landing Resort & Casino                              ,34.49683741 ,-114.4009641 ,"['04015', '06071', '06065', '04012']"
27 Scenic Drive Trinidad Ca 95570                  ,CA    ,Cher-Ae-Heights Casino                                      ,41.05816624 ,-124.1373565 ,"['06023', '06015']"
16929 Chicken Ranch Road Jamestown CA 95327        ,CA    ,Chicken Ranch Casino & Bingo                                ,37.92922465 ,-120.4517525 ,"['06047', '06009', '06043', '06099', '06109']"
6991 N State St Redwood Valley CA 95470            ,CA    ,Coyote Valley Mini Casino                                   ,39.2648279  ,-123.2272868 ,"['06033', '06045']"
3250 CA-128 Geyserville CA 95441                   ,CA    ,River Rock Casino                                           ,38.70354065 ,-122.8584299 ,"['06033', '06045', '06055', '06097', '06041']"
130 Anchor Way Crescent City CA 95531              ,CA    ,Elk Valley Casino                                           ,41.743748   ,-124.1811353 ,"['06023', '41015', '06015']"
3317 Forty Mile Road Wheatland California 95682    ,CA    ,Rocktane Slots & Casino at Fire Mountain                    ,39.0506909  ,-121.5118126 ,"['06057', '06115', '06101', '06113', '06011', '06061', '06067', '06007']"
5145 Redwood Dr Rohnert Park CA 94928              ,CA    ,Graton Resort & Casino                                      ,38.36124425 ,-122.7142375 ,"['06033', '06055', '06097', '06095', '06041']"
139 US-395 Independence CA 93526                   ,CA    ,Oak Creek Casino                                            ,36.80284145 ,-118.1999629 ,"['06019', '06107', '06027']"
635 CA-20 Upper Lake CA 95485                      ,CA    ,Running Creek Casino                                        ,39.16152567 ,-122.9035952 ,"['06033', '06045', '06097', '06011', '06021']"
12510 CA-96 Hoopa CA 95546                         ,CA    ,Lucky Bear Casino                                           ,41.0588961  ,-123.6845383 ,"['06023', '06093', '06105', '06015']"
12222 New York Ranch Rd Jackson CA 95642           ,CA    ,Jackson Rancheria Casino & Hotel                            ,38.3864424  ,-120.7337834 ,"['06005', '06009', '06099', '06077', '06109', '06017', '06067']"
14145 Campo Rd Jamul CA 91935                      ,CA    ,Jamul Casino                                                ,32.70508651 ,-116.8695889 ,['06073']
777 Casino Way Yreka CA 96097                      ,CA    ,Rain Rock Casino                                            ,41.71187185 ,-122.6314124 ,"['06093', '41029', '06105']"
13255 San Pablo Ave San Pablo CA 94806             ,CA    ,San Pablo Lytton Casino                                     ,37.9524169  ,-122.3345222 ,"['06001', '06013', '06081', '06055', '06097', '06095', '06041', '06075']"
22215 Windy Hollow Rd Point Arena CA 95468         ,CA    ,Garcia River Casino                                         ,38.923563   ,-123.697321  ,"['06045', '06097']"
22223 CA-29 Middletown CA 95461                    ,CA    ,Twin Pine Casino                                            ,38.73012903 ,-122.6219393 ,"['06033', '06045', '06055', '06097', '06113', '06011']"
6370 Lower Wyandotte Rd Oroville CA 95966          ,CA    ,Feather Falls Casino                                        ,39.5016778  ,-121.5393026 ,"['06057', '06115', '06101', '06063', '06011', '06021', '06007']"
49020 Seminole Dr Cabazon CA 92230                 ,CA    ,Morongo Travel Center @ Morongo Trail                       ,33.9192362  ,-116.7829501 ,"['06071', '06065']"
49020 Seminole Dr Cabazon CA 92230                 ,CA    ,Morongo Travel Center @ Seminole Dr.                        ,33.9192362  ,-116.7829501 ,"['06071', '06065']"
49500 Seminole Dr Cabazon CA 92230                 ,CA    ,Morongo Casino Resort & Spa                                 ,33.9192362  ,-116.7829501 ,"['06071', '06065']"
49750 Seminole Dr Cabazon CA 92230                 ,CA    ,Morongo Canyon Lanes                                        ,33.9207656  ,-116.7941795 ,"['06071', '06065']"
11154 CA-76 Pala CA 92059                          ,CA    ,Pala Casino Resort and Spa                                  ,33.363134   ,-117.0847304 ,"['06073', '06065']"
2657 Everett Freeman Way Corning CA 96021          ,CA    ,The Convenience Store                                       ,39.8708946  ,-122.2114949 ,"['06021', '06103', '06007']"
2645 Everett Freeman Way Corning CA 96021          ,CA    ,Rolling Hills Casino                                        ,39.87330405 ,-122.2029448 ,"['06021', '06103', '06007']"
777 Pauma Reservation Rd Pauma Valley CA 92061     ,CA    ,Casino Pauma                                                ,33.3301243  ,-116.9912136 ,"['06073', '06065']"
45000 Pechanga Pkwy Temecula CA 92592              ,CA    ,Pechanga Resort and Casino                                  ,33.4555399  ,-117.1067578 ,"['06059', '06073', '06065']"
27694 CA-41 Coarsegold CA 93614                    ,CA    ,Chukchansi Gold Resort and Casino                           ,37.2395642  ,-119.7073672 ,"['06019', '06047', '06039', '06043']"
20265 Tamarack Ave Burney CA 96013                 ,CA    ,Pit River Casino                                            ,40.87628    ,-121.675274  ,"['06093', '06089', '06035', '06103', '06049']"
525 Algodones Rd Winterhaven CA 92283              ,CA    ,Quechan Casino Resort                                       ,32.74160575 ,-114.7226592 ,"['06025', '04027', '04012']"
450 Quechan Dr Yuma AZ 85364                       ,AZ    ,Quechan Paradise Casino                                     ,32.7342952  ,-114.6131412 ,"['06025', '04027', '04012']"
2100 Redding Rancheria Rd Redding CA 96001         ,CA    ,Win-River Casino                                            ,40.5063738  ,-122.3796626 ,"['06089', '06103', '06105']"
17128 CA-76 Pauma Valley CA 92061                  ,CA    ,Harrah's Southern California Resort                         ,33.306014   ,-116.981047  ,"['06073', '06065']"
1545 CA-20 Nice CA 95464                           ,CA    ,Robinson Rancheria Bingo & Casino                           ,39.122077   ,-122.8408747 ,"['06033', '06045', '06097', '06011', '06021']"
76700 Covelo Rd Covelo CA 95428                    ,CA    ,Hidden Oaks Casino                                          ,39.739449   ,-123.259897  ,"['06023', '06033', '06045', '06021', '06103', '06105']"
30928 Valley Center Rd Valley Center CA 92082      ,CA    ,Valley View Casino                                          ,33.23077    ,-116.983258  ,"['06073', '06065']"
Lemoore CA 93245                                   ,CA    ,Tachi Palace Hotel and Casino                               ,36.3006495  ,-119.7827122 ,"['06019', '06107', '06031']"
3400 CA-246 Santa Ynez CA 93460                    ,CA    ,Chumash Casino and Resort Enterprises                       ,34.60979403 ,-120.0870193 ,"['06079', '06083']"
100 Kawi Pl Willits CA 95490                       ,CA    ,Sherwood Valley Rancheria Casino                            ,39.39293515 ,-123.3627933 ,"['06033', '06045']"
1 Red Hawk Pkwy Placerville CA 95667               ,CA    ,Red Hawk Casino                                             ,38.6966     ,-120.9077    ,"['06005', '06057', '06009', '06077', '06061', '06017', '06067']"
22777 Soboba Rd San Jacinto CA 92583               ,CA    ,Soboba Casino                                               ,33.79650152 ,-116.9287718 ,"['06073', '06071', '06065']"
900 Skyline Rd Susanville CA 96130                 ,CA    ,Diamond Mountain Casino                                     ,40.43056805 ,-120.6575932 ,"['06063', '06035']"
5469 Casino Way El Cajon CA 92019                  ,CA    ,Sycuan Resort & Casino                                      ,32.78580005 ,-116.8293241 ,['06073']
17275 N Friant Rd Friant CA 93626                  ,CA    ,Table Mountain Casino Resort                                ,36.98591255 ,-119.7146371 ,"['06019', '06047', '06039', '06043']"
12559 US-101 Smith River CA 95567                  ,CA    ,Lucky 7 Casino                                              ,41.9322013  ,-124.1557628 ,"['41033', '41015', '06015']"
3095 CA-86 Salton City CA 92275                    ,CA    ,Red Earth Casino                                            ,33.2882661  ,-115.9708534 ,"['06073', '06025', '06065']"
1850 West St Porterville CA 93257                  ,CA    ,Eagle Mountain Casino                                       ,36.03115831 ,-119.0767322 ,"['06107', '06029']"
19400 Tuolumne Rd N Tuolumne CA 95379              ,CA    ,Black Oak Casino Resort                                     ,37.9735364  ,-120.2398191 ,"['06047', '06009', '06043', '06099', '06109']"
73829 Baseline Rd Twentynine Palms CA 92277        ,CA    ,Tortoise Rock Casino                                        ,34.12111933 ,-116.0511209 ,"['06071', '06065']"
1200 Athens Ave Lincoln CA 95648                   ,CA    ,Thunder Valley Casino                                       ,38.8403664  ,-121.3137366 ,"['06057', '06115', '06101', '06113', '06061', '06017', '06067']"
5000 Willows Rd Alpine CA 91901                    ,CA    ,Viejas Casino                                               ,32.84226475 ,-116.705785  ,['06073']
1 Sky River Pkwy Elk Grove CA 95757                ,CA    ,Sky River Casino                                            ,38.38033865 ,-121.3693824 ,"['06005', '06013', '06101', '06113', '06009', '06095', '06077', '06061', '06017', '06067']"
14455 CA-16 Brooks CA 95606                        ,CA    ,Cache Creek Casino Resort                                   ,38.7365093  ,-122.1430966 ,"['06033', '06055', '06101', '06113', '06095', '06011']"
777 San Manuel Blvd S Highland CA 92346            ,CA    ,Yaamava' Resort & Casino at San Manuel                      ,34.15068035 ,-117.2294055 ,"['06071', '06065']"
171 Klamath Blvd Klamath CA 95548                  ,CA    ,Redwood Hotel Casino                                        ,41.5294502  ,-124.0393122 ,"['06023', '06093', '06015']"
14324 CO-172 Ignacio CO 81137                      ,CO    ,Sky Ute Casino Resort                                       ,37.1216081  ,-107.6341667 ,"['35039', '35045', '08053', '08007', '08067']"
3 Weeminuche Dr Towaoc CO 81334                    ,CO    ,Ute Mountain Casino                                         ,37.2046236  ,-108.6853093 ,"['08083', '35045', '04001', '08033', '49037', '08067']"
350 Trolley Line Blvd Mashantucket CT 06338        ,CT    ,Foxwoods Resort & Casino                                    ,41.4717228  ,-71.9576205  ,"['36103', '09007', '09011', '44009', '44007', '09013', '44003', '09015']"
1 Mohegan Sun Blvd Uncasville CT 06382             ,CT    ,Mohegan Sun Casino                                          ,41.49236055 ,-72.08971324 ,"['36103', '09007', '09011', '44009', '44007', '09013', '44003', '09015', '09003']"
500 SW 177th Ave Miami FL 33194                    ,FL    ,Miccosukee Resort & Gaming                                  ,25.7634818  ,-80.48456225 ,"['12086', '12087', '12021', '12011']"
5223 Orient Rd Tampa FL 33610                      ,FL    ,Seminole Hard Rock Hotel & Casino - Tampa                   ,27.9627994  ,-82.3729934  ,"['12057', '12105', '12101', '12081', '12103']"
1215 7th St Okeechobee FL 34974                    ,FL    ,Seminole Indian Casino - Brighton                           ,27.249802   ,-80.8696148  ,"['12055', '12093', '12097', '12111', '12099', '12061', '12051', '12043', '12085']"
5550 NW 40th St Coconut Creek FL 33073             ,FL    ,Seminole Indian Casino - Coconut Creek                      ,26.27834435 ,-80.1995575  ,"['12086', '12099', '12011']"
506 S 1st St Immokalee FL 34142                    ,FL    ,Seminole Indian Casino - Immokalee                          ,26.425519   ,-81.417559   ,"['12071', '12021', '12051', '12015', '12043']"
1 Seminole Way Hollywood FL 33314                  ,FL    ,Seminole Hard Rock Hotel & Casino - Hollywood               ,26.0530739  ,-80.2077538  ,"['12086', '12099', '12011']"
1314 15th St Onawa IA 51040                        ,IA    ,Blackbird Bend Casino                                       ,42.0207935  ,-96.10555217 ,"['31177', '19047', '19133', '31021', '31173', '31043', '19193', '19085']"
1504 305th St Tama IA 52339                        ,IA    ,Meskwaki Bingo Casino Hotel                                 ,41.99700624 ,-92.66347941 ,"['19083', '19075', '19127', '19171', '19095', '19099', '19157', '19013', '19011']"
Sloan IA 51055                                     ,IA    ,WinnaVegas Casino                                           ,42.2330049  ,-96.2279425  ,"['46127', '19133', '31039', '31021', '31173', '19149', '31043', '19193', '19085']"
Worley ID 83876                                    ,ID    ,Coeur d'Alene Casino Resort/Hotel                           ,47.400736   ,-116.917124  ,"['53075', '16009', '53063', '16055', '16057']"
7169 Plaza St Bonners Ferry ID 83805               ,ID    ,Kootenai River Inn Casino and Spa                           ,48.6970607  ,-116.3087954 ,"['30053', '16021', '16017']"
4918 Hatwai Road Lewiston ID 83501                 ,ID    ,Clearwater River Casino & Lodge                             ,46.4363474  ,-116.9605281 ,"['16061', '16069', '53075', '53023', '53003', '16057']"
419 3rd St Kamiah ID 83536                         ,ID    ,It'Se Ye-Ye Casino                                          ,46.2305645  ,-116.0180918 ,"['16061', '16035', '16069', '16049']"
845 McKinley Ave Pocatello ID 83201                ,ID    ,Bannock Peak Casino                                         ,42.89046286 ,-112.4564482 ,"['16029', '16071', '16011', '16077', '16005']"
Pocatello ID 83202                                 ,ID    ,Shoshone-Bannock Casino                                     ,42.8620287  ,-112.450627  ,"['16029', '16071', '16011', '16077', '16005']"
843 North US-91 Blackfoot ID 83221                 ,ID    ,Sage Hill Travel Center & Casino                            ,43.1997545  ,-112.3325255 ,"['16029', '16051', '16019', '16011', '16077', '16005']"
3000 Prairie Ave South Bend IN 46614               ,IN    ,Four Winds Casino South Bend                                ,41.644719   ,-86.291099   ,"['18099', '18085', '18091', '26159', '26027', '18141', '18149', '18039', '26021']"
White Cloud KS 66094                               ,KS    ,Casino White Cloud                                          ,39.9763876  ,-95.2969223  ,"['29087', '20085', '20043', '29005', '29021', '20013', '31127', '29147', '20005', '31147', '29003']"
134 West 8th Street Horton KS                      ,KS    ,Golden Eagle Casino                                         ,39.66026095 ,-95.52834147 ,"['29087', '20085', '20043', '20087', '29021', '20013', '20131', '20005', '31147', '20103']"
Mayetta KS 66509                                   ,KS    ,Prairie Band Casino & Resort                                ,39.338885   ,-95.722483   ,"['20149', '20085', '20087', '20013', '20045', '20177', '20131', '20005', '20197']"
832 Martin Luther King Rd Charenton LA 70523       ,LA    ,Cypress Bayou Casino                                        ,29.87146519 ,-91.53747682 ,"['22047', '22099', '22045', '22109', '22101', '22007']"
777 Coushatta Dr Kinder LA 70648                   ,LA    ,Coushatta Casino Resort                                     ,30.54588775 ,-92.81442419 ,"['22001', '22011', '22053', '22079', '22097', '22115', '22003', '22019', '22039']"
1571 North 2nd Street Jena LA                      ,LA    ,Miko's Gaming                                               ,31.68665945 ,-92.13089135 ,"['22009', '22029', '22079', '22025', '22043', '22127', '22041', '22021', '22059']"
148 Red Oak Lane Grant Parish LA 71477             ,LA    ,Choctaw Pines Casino                                        ,31.4347766  ,-92.49835688 ,"['22009', '22069', '22079', '22115', '22043', '22127', '22059']"
141 South Washington Street Marksville LA 71351    ,LA    ,Paragon Casino & Resort                                     ,31.1253041  ,-92.06657644 ,"['22009', '22029', '28001', '22079', '22097', '22025', '22043', '22077', '22125', '22059', '22039']"
11386 W Lakeshore Dr Brimley MI 49715              ,MI    ,Bay Mills Resort & Casino                                   ,46.4226468  ,-84.60206142 ,"['26033', '26097']"
7741 M-72 Williamsburg MI 49690                    ,MI    ,Turtle Creek Casino                                         ,44.77402365 ,-85.42179215 ,"['26055', '26089', '26165', '26079', '26019', '26009', '26029', '26113']"
118 West First Street Suttons Bay MI 49682         ,MI    ,Leelanau Sands Casino                                       ,44.97426245 ,-85.65466973 ,"['26055', '26089', '26079', '26019', '26009', '26029']"
W 399 US-2 Harris MI 49845                         ,MI    ,Island Resort & Casino                                      ,45.70294435 ,-87.33741387 ,"['26041', '26103', '26043', '26109']"
203 Michigan Ave Baraga MI 49908                   ,MI    ,Ojibwa Casino II                                            ,46.77940308 ,-88.49386665 ,"['26103', '26013', '26071', '26061', '26131']"
105 Acre Trail Marquette MI 49855                  ,MI    ,Ojibwa Casino and Resort - Marquette                        ,46.47930927 ,-87.24264322 ,"['26041', '26103', '26003']"
N5384 US-45 Watersmeet MI 49969                    ,MI    ,Northern Waters Casino Resort                               ,46.2767826  ,-89.1776948  ,"['26053', '26071', '55085', '26061', '26131', '55125', '55041']"
2700 Orchard Hwy Manistee MI 49660                 ,MI    ,Little River Casino                                         ,44.2858293  ,-86.24697307 ,"['26165', '26019', '26101', '26105', '26085']"
1080 S Nicolet St Mackinaw City MI 49701           ,MI    ,Odawa Casino Mackinaw City                                  ,45.76761021 ,-84.73197174 ,"['26033', '26097', '26031', '26047']"
1444 US-131 Petoskey MI 49770                      ,MI    ,Odawa Casino Resort                                         ,45.36170958 ,-84.97095452 ,"['26137', '26009', '26031', '26029', '26047']"
1123 129th Ave Wayland MI 49348                    ,MI    ,Gun Lake Casino                                             ,42.6303661  ,-85.6612775  ,"['26015', '26159', '26077', '26067', '26005', '26025', '26081', '26139']"
11177 E Michigan Ave Battle Creek MI 49014         ,MI    ,Firekeepers                                                 ,42.3133591  ,-85.1695841  ,"['26015', '26023', '26149', '26045', '26077', '26005', '26025', '26059']"
Dowagiac MI 49047                                  ,MI    ,Four Winds Casino Dowagiac                                  ,41.9824681  ,-86.1088809  ,"['26159', '26027', '26149', '18141', '26077', '18039', '26021']"
68600 Red Arrow Hwy Hartford MI 49057              ,MI    ,Four Winds Hartford                                         ,42.19891789 ,-86.21155292 ,"['26159', '26027', '26005', '26021']"
11111 Wilson Rd New Buffalo MI 49117               ,MI    ,Four Winds Casino Resort                                    ,41.77010172 ,-86.72216946 ,"['18099', '18091', '18141', '18149', '18127', '26021']"
6800 Soaring Eagle Blvd Mt Pleasant MI 48858       ,MI    ,Soaring Eagle Casino & Resort                               ,43.60840435 ,-84.71299056 ,"['26051', '26133', '26035', '26117', '26073', '26057', '26111', '26145', '26107']"
2690 Worth Rd Standish MI 48658                    ,MI    ,Saganing Eagle's Landing Casino                             ,43.9248331  ,-83.9499025  ,"['26051', '26017', '26011', '26069', '26111', '26129', '26145', '26157']"
2061 North Three Mile Road MI 49745                ,MI    ,Kewadin Casino Hessel                                       ,46.03632915 ,-84.42890005 ,"['26033', '26097', '26031', '26047']"
2186 Shunk Rd.Sault Ste. Marie MI 49783            ,MI    ,Kewadin Casino Hotel & Convention Center                    ,46.4748054  ,-84.32525626 ,"['26033', '26097']"
5939 US 2 Manistique MI 49854                      ,MI    ,Kewadin Casino Manistique                                   ,45.953668   ,-86.247432   ,"['26097', '26041', '26003', '26153']"
3015 Mackinac Trail St Ignace MI 49781             ,MI    ,Kewadin Casino St. Ignace                                   ,45.9290336  ,-84.7327477  ,"['26033', '26097', '26031', '26047']"
N7727 Saint Nicholas Street Christmas MI 49862     ,MI    ,Kewadin Casino Christmas                                    ,46.4361308  ,-86.7010525  ,"['26041', '26103', '26003', '26153']"
107 North 3rd Street Tower MN 55790                ,MN    ,Fortune Bay Casino                                          ,47.8071092  ,-92.2673742  ,['27137']
1785 MN-210 Carlton MN 55718                       ,MN    ,Black Bear Casino                                           ,46.6658247  ,-92.47807273 ,"['27137', '55031', '27017', '27115']"
129 E Superior St Duluth MN 55802                  ,MN    ,Fond du Luth Casino                                         ,46.7888757  ,-92.0962346  ,"['27075', '27137', '55031', '27017', '27115']"
70 Casino Dr Grand Portage MN 55605                ,MN    ,Grand Portage Casino                                        ,47.9539145  ,-89.69189544 ,['27031']
Bena MN 56626                                      ,MN    ,Big Winnie Bar                                              ,47.340669   ,-94.207415   ,"['27061', '27021', '27007']"
6268 Upper Cass Frontage Rd NW Cass Lake MN 56633  ,MN    ,Cedar Lakes Casino & Hotel                                  ,47.38312516 ,-94.61721578 ,"['27061', '27021', '27057', '27007']"
7316 MN-371 Walker MN 56484                        ,MN    ,Shingobee on the Bay                                        ,47.0847006  ,-94.5697223  ,"['27061', '27021', '27159', '27035', '27057', '27007']"
45830 US-2 Deer River MN 56636                     ,MN    ,White Oak Casino                                            ,47.3343255  ,-93.7968975  ,"['27061', '27021', '27001']"
4656 MN-200 Walker MN 56484                        ,MN    ,Northern Lights Casino                                      ,47.0847006  ,-94.5697223  ,"['27061', '27021', '27159', '27035', '27057', '27007']"
441 North Park Drive Morton MN 56270               ,MN    ,Jackpot Junction Casino Hotel                               ,44.5554098  ,-94.9839573  ,"['27023', '27129', '27127', '27015', '27173', '27103', '27067', '27033', '27093', '27143']"
777 Lady Luck Dr Hinckley MN 55037                 ,MN    ,Grand Casino Hinckley                                       ,46.00977743 ,-92.90146552 ,"['27001', '27059', '27017', '27065', '27115', '27025', '55095', '55013']"
777 Casino Drive Onamia MN 56359                   ,MN    ,Grand Casino Mille Lacs                                     ,46.1793752  ,-93.75899555 ,"['27097', '27095', '27001', '27035', '27065', '27009']"
151 Tyler Road North Red Wing MN 55066             ,MN    ,Treasure Island Resort & Casino                             ,44.5693219  ,-92.5828222  ,"['27163', '27157', '27109', '55091', '55093', '27049', '27039', '55109', '27037']"
10200 MN-89 Red Lake MN 56671                      ,MN    ,Seven Clans Casino - Red Lake                               ,47.7729778  ,-95.0037717  ,"['27029', '27057', '27007']"
101 Knight Avenue South Thief River Falls MN 56701 ,MN    ,Seven Clans Casino - Thief River Falls                      ,48.115991   ,-96.18468074 ,"['27089', '27119', '27125', '27135', '27113']"
202 Main Avenue Northeast Warroad MN 56763         ,MN    ,Seven Clans Casino - Warroad                                ,48.90685705 ,-95.31756882 ,"['27077', '27135', '27007']"
2400 Mystic Lake Blvd NW Prior Lake MN 55372       ,MN    ,Mystic Lake Casino                                          ,44.7305325  ,-93.47763905 ,"['27053', '27139', '27171', '27131', '27123', '27019', '27079', '27143', '27037', '27003']"
2450 Sioux Trail NW Prior Lake MN 55372            ,MN    ,Little Six Casino                                           ,44.73701755 ,-93.47418277 ,"['27053', '27139', '27171', '27131', '27123', '27019', '27079', '27143', '27037', '27003']"
Granite Falls MN 56241                             ,MN    ,Prairie's Edge Casino Resort                                ,44.8099575  ,-95.5455752  ,"['27023', '27129', '27073', '27127', '27173', '27067', '27151', '27083']"
32012 370 St Ogema MN 56569                        ,MN    ,3 Bears Golf Course and Berry's Liquor Store                ,47.107419   ,-95.881584   ,"['27087', '27119', '27107', '27005', '27029', '27111', '27027']"
406 Main Ave Callaway MN 56521                     ,MN    ,City of Callaway d/b/a Callaway Liquor Store                ,46.98090711 ,-95.90918636 ,"['27087', '27107', '27005', '27029', '27111', '27027']"
203 South Main Street Mahnomen MN 56557            ,MN    ,d/b/a Wild Rice Lounge                                      ,47.31405345 ,-95.96892519 ,"['27087', '27119', '27107', '27005', '27029', '27027']"
1004 Pleasant Ave Waubun MN 56589                  ,MN    ,Sundown Bar                                                 ,47.1805005  ,-95.9391091  ,"['27087', '27119', '27107', '27005', '27029', '27027']"
777 S Casino Rd Mahnomen MN 56557                  ,MN    ,Shooting Star Casino-Mahnomen                               ,47.30953801 ,-95.96493025 ,"['27087', '27119', '27107', '27005', '27029', '27027']"
1015 1st St Waubun MN 56589                        ,MN    ,Pappy's Cafe and Pizzeria                                   ,47.1835676  ,-95.943748   ,"['27087', '27119', '27107', '27005', '27029', '27027']"
Naytahwaush MN 56566                               ,MN    ,Pinehurst Resort and Lodge Inc.                             ,47.2627371  ,-95.6261409  ,"['27087', '27119', '27005', '27029']"
Ogema MN 56569                                     ,MN    ,Ogema Fire Department d/b/a Ogema Liquor Store              ,47.1040932  ,-95.9255358  ,"['27087', '27119', '27107', '27005', '27029', '27111', '27027']"
Naytahwaush MN 56566                               ,MN    ,McArthur's Village Store Inc.                               ,47.2627371  ,-95.6261409  ,"['27087', '27119', '27005', '27029']"
Ogema MN 56569                                     ,MN    ,M&W Service of White Earth                                  ,47.1040932  ,-95.9255358  ,"['27087', '27119', '27107', '27005', '27029', '27111', '27027']"
Ponsford MN 56575                                  ,MN    ,Backwoods ICL LLC dba Ice Cracking Lodge                    ,46.9699582  ,-95.3838664  ,"['27087', '27005', '27029', '27159', '27057', '27111']"
500 Main St Bejou MN 56516                         ,MN    ,Peachy's Pub ALB Food & Beverage LLC                        ,47.44219    ,-95.974467   ,"['27087', '27119', '27107', '27125', '27005', '27029', '27027']"
1015 1st St Waubun MN 56589                        ,MN    ,Big Elbow Lake Lodge & Campground LLP                       ,47.1835676  ,-95.943748   ,"['27087', '27119', '27107', '27005', '27029', '27027']"
13541 MS-16 Choctaw MS 39350                       ,MS    ,Golden Moon Hotel and Casino                                ,32.8667826  ,-90.815438   ,"['28055', '28163', '28149', '28151', '22035', '28051', '22065', '28053', '05017', '28049', '28133', '28125']"
1 Choctaw Rd Heidelberg MS 39439                   ,MS    ,Bok Homa Casino                                             ,31.7771355  ,-89.0089693  ,"['28023', '28153', '28129', '28067', '28041', '28031', '28035', '28111', '28061']"
13541 MS-16 Philadelphia MS 39350                  ,MS    ,Silver Star Hotel & Casino                                  ,32.75741401 ,-88.96876707 ,"['28007', '28075', '28103', '28159', '28069', '28019', '28099', '28101', '28079', '28123']"
716 B Ave Brockton MT 59213                        ,MT    ,Fred's Grill and Casino fka B & S Laundry                   ,48.1504343  ,-104.9150823 ,"['30085', '30055', '30083', '30019', '30091']"
300 F St W Poplar MT 59255                         ,MT    ,T.J.'s Quick Stop                                           ,48.112844   ,-105.199467  ,"['30085', '30055', '30083', '30021']"
300 MT-25 Wolf Point MT 59201                      ,MT    ,Silver Wolf Casino                                          ,48.0959595  ,-105.6163345 ,"['30085', '30105', '30055', '30083', '30021']"
Poplar MT 59255                                    ,MT    ,Tribal Express Casino                                       ,48.1126804  ,-105.198113  ,"['30085', '30055', '30083', '30021']"
132 US-2 Wolf Point MT 59201                       ,MT    ,Git-N-Go                                                    ,48.09573365 ,-105.6384853 ,"['30085', '30105', '30055', '30021']"
33 Dawson Ave East Glacier Park MT 59434           ,MT    ,The Peak                                                    ,48.44200964 ,-113.2178886 ,"['30029', '30073', '30099', '30035']"
601 SE Boundary St Browning MT 59417               ,MT    ,Glacier Little Peaks Casino                                 ,48.54926185 ,-113.011937  ,"['30029', '30073', '30099', '30035']"
46 Museum Lp Browning MT 59417                     ,MT    ,Glacier Peaks Casino                                        ,48.5562994  ,-113.0243553 ,"['30029', '30073', '30099', '30035']"
11275 US-87 Box Elder MT 59521                     ,MT    ,Northern Winz Hotel and Casino                              ,48.3885576  ,-109.9229815 ,"['30015', '30005', '30041']"
44297 A St Big Arm MT 59910                        ,MT    ,Big Arm Marina Casino                                       ,47.79925068 ,-114.2914628 ,"['30029', '30089', '30063', '30047']"
20750 US-93 Missoula MT 59808                      ,MT    ,Gray Wolf Peak Casino                                       ,47.07015847 ,-114.0654293 ,"['30081', '30061', '30089', '30063', '30047']"
49708 US-93 Polson MT 59860                        ,MT    ,KwaTaqNuk Resort                                            ,47.69429093 ,-114.1584274 ,"['30029', '30089', '30063', '30047']"
210 1st Avenue Southeast Harlem MT                 ,MT    ,Fort Belknap Casino                                         ,48.5313355  ,-108.7818406 ,"['30071', '30005']"
1/2 US-212 Lame Deer MT 59043                      ,MT    ,Charging Horse Casino & Bingo                               ,45.6254589  ,-106.6582248 ,"['30087', '30003', '30075', '30103']"
538 Kings Mountain Blvd Kings Mountain NC 28086    ,SC    ,Catawba Two Kings Casino                                    ,35.2397493  ,-81.3804084  ,"['45091', '37023', '37161', '45087', '45021', '45023', '37035', '37109', '37119', '37071', '37045']"
777 Casino Pkwy Murphy NC 28906                    ,NC    ,Harrah's Cherokee Casino                                    ,35.1152731  ,-83.99234247 ,"['13291', '37039', '37043', '37075', '13311', '47123', '47009', '37173', '37113', '13111', '47139', '13187', '13281', '13241']"
777 Casino Pkwy Murphy NC 28906                    ,NC    ,Harrah's Cherokee Valley River Casino                       ,35.1152731  ,-83.99234247 ,"['13291', '37039', '37043', '37075', '13311', '47123', '47009', '37173', '37113', '13111', '47139', '13187', '13281', '13241']"
Hankinson ND 58041                                 ,ND    ,Dakota Magic Casino                                         ,46.069681   ,-96.901748   ,"['27167', '46109', '27155', '46091', '38073', '38081', '38077']"
7889 ND-57 St Michael ND 58370                     ,ND    ,Spirit Lake Casino & Resort                                 ,48.0160086  ,-98.90807472 ,"['38005', '38071', '38103', '38095', '38027', '38031', '38063']"
7932 ND-24 Fort Yates ND 58538                     ,ND    ,Prairie Knights Casino and Resort                           ,46.0887664  ,-100.6702996 ,"['38037', '38085', '38059', '38029', '46031', '46021']"
New Town North Dakota                              ,ND    ,4 Bears Casino and Lodge                                    ,47.980848   ,-102.49018   ,"['38053', '38055', '38061', '38105', '38025']"
352 Main Street New Town North Dakota 58763        ,ND    ,American Legion Post 290                                    ,47.97963972 ,-102.4878132 ,"['38053', '38055', '38061', '38105', '38025']"
200 33rd St SE Spiritwood ND 58481                 ,ND    ,Sportman's Bar                                              ,46.93592    ,-98.485139   ,"['38003', '38045', '38039', '38031', '38093']"
New Town North Dakota                              ,ND    ,Scenic 23 Club                                              ,47.980848   ,-102.49018   ,"['38053', '38055', '38061', '38105', '38025']"
trenton North Dakota                               ,ND    ,Grand Treasures Casino                                      ,48.070578   ,-103.836871  ,"['30085', '30083', '38053', '38105', '30091']"
Nd-5 Belcourt ND 58316                             ,ND    ,LaDot's Lounge                                              ,48.844034   ,-99.732593   ,"['38095', '38009', '38069', '38079']"
4180 US-281 Belcourt ND 58316                      ,ND    ,Turtle Mountain Bingo Palace/Sprung                         ,48.844034   ,-99.732593   ,"['38095', '38009', '38069', '38079']"
9260 42nd Avenue Belcourt ND 58316                 ,ND    ,Sky Dancer Hotel & Casino                                   ,48.80676435 ,-99.78580445 ,"['38095', '38009', '38069', '38079']"
200 Main St Walthill NE 68067                      ,NE    ,Lucky 77 Casino                                             ,42.148287   ,-96.487205   ,"['46127', '31051', '31053', '19133', '31039', '31021', '31173', '31179', '19149', '31043', '19193']"
1031 Avenue H Carter Lake IA 51510                 ,NE    ,Prairie Flower Casino                                       ,41.28140247 ,-95.9154324  ,"['31153', '31053', '31177', '31055', '19071', '19085', '31025', '19129', '31155', '19155']"
53142 NE-12 Niobrara NE 68760                      ,NE    ,Ohiya Casino and Resort                                     ,42.7526168  ,-98.0232686  ,"['46067', '46009', '46023', '31003', '31089', '31139', '46135', '31107', '31015']"
Winnebago NE 68071                                 ,NE    ,Native Star Casino                                          ,42.2355278  ,-96.4725075  ,"['46127', '31051', '19133', '31039', '31021', '31173', '31179', '19149', '31043', '19193']"
1106 Main St Emerson NE 68733                      ,NE    ,Iron Horse Bar & Casino                                     ,42.27874275 ,-96.72634309 ,"['31167', '46127', '31051', '19133', '31039', '31021', '31173', '31179', '46027', '19149', '31027', '31043', '19193']"
25845 US-70 Mescalero NM 88340                     ,NM    ,Casino Apache Travel Center                                 ,33.1556934  ,-105.7701056 ,"['35027', '35035']"
140 Junction Road Ruidoso NM 88345                 ,NM    ,Inn of the Mountain Gods Resort and Casino                  ,33.3211652  ,-105.6355359 ,"['35027', '35005', '35035']"
2710 US-64 Shiprock NM 87420                       ,NM    ,Flowing Waters Navajo Casino                                ,36.7842991  ,-108.6692588 ,"['08083', '35045', '04001', '49037', '08067']"
414 North Allen Avenue Farmington NM 87401         ,NM    ,Northern Edge Navajo Casino                                 ,36.73328195 ,-108.2058324 ,"['08083', '35045', '08067']"
Church Rock NM 87311                               ,NM    ,Fire Rock Navajo Casino                                     ,35.5354476  ,-108.600894  ,"['35006', '35031']"
68 NM-291 Ohkay Owingeh NM 87566                   ,NM    ,OHKAY Casino                                                ,36.0681326  ,-106.0563469 ,"['35039', '35055', '35033', '35047', '35028', '35049', '35043']"
Seama NM 87007                                     ,NM    ,Sky City Casino                                             ,35.0393867  ,-107.5244966 ,"['35061', '35001', '35006', '35031', '35043']"
Seama NM 87007                                     ,NM    ,Sky City Travel Center                                      ,35.0393867  ,-107.5244966 ,"['35061', '35001', '35006', '35031', '35043']"
11000 Broadway Blvd SE Albuquerque NM 87105        ,NM    ,Isleta Resort & Casino                                      ,35.043445   ,-106.647561  ,"['35057', '35061', '35001', '35006', '35049', '35043']"
to'hajiilee new mexico                             ,NM    ,Rt. 66 Casino Hotel                                         ,35.0620777  ,-107.1023559 ,"['35061', '35001', '35006', '35031', '35043']"
to'hajiilee new mexico                             ,NM    ,Rt. 66 Casino Express                                       ,35.0620777  ,-107.1023559 ,"['35061', '35001', '35006', '35031', '35043']"
Paraje NM 87007                                    ,NM    ,Dancing Eagle Casino                                        ,35.0552523  ,-107.47556   ,"['35061', '35001', '35006', '35031', '35043']"
30 Buffalo Thunder Trail Santa Fe NM 87506         ,NM    ,Buffalo Thunder                                             ,35.8614437  ,-105.9965389 ,"['35039', '35055', '35033', '35047', '35028', '35049', '35043']"
10 Cities of Gold Rd Santa Fe NM 87506             ,NM    ,Cities of Gold Casino                                       ,35.8910839  ,-106.0201726 ,"['35039', '35055', '35033', '35047', '35028', '35049', '35043']"
25 Hagen Rd Algodones NM 87001                     ,NM    ,Black Mesa Casino                                           ,35.4163951  ,-106.4021018 ,"['35057', '35001', '35028', '35049', '35043']"
30 Rainbow Rd Albuquerque NM 87113                 ,NM    ,Sandia Resort and Casino                                    ,35.20707625 ,-106.5669709 ,"['35057', '35061', '35001', '35049', '35043']"
1300 Jemez Dam Road Bernalillo NM 87004            ,NM    ,Santa Ana Star Casino                                       ,35.3269925  ,-106.5675246 ,"['35057', '35061', '35001', '35049', '35043']"
460 N Riverside Dr Espa�ola NM 87532               ,NM    ,Santa Claran Hotel Casino                                   ,36.0201479  ,-106.0642059 ,"['35039', '35055', '35033', '35047', '35028', '35049', '35043']"
700 Veterans Hwy Taos NM 87571                     ,NM    ,Taos Mountain Casino                                        ,36.4278054  ,-105.5621761 ,"['35007', '35039', '35055', '35033']"
7 Tesuque Rd Santa Fe NM 87506                     ,NM    ,Tesuque Casino                                              ,35.7689064  ,-105.9457765 ,"['35039', '35055', '35033', '35047', '35028', '35049', '35043']"
10000 Aha Macav Pkwy Laughlin NV 89029             ,NV    ,Avi Casino                                                  ,35.0596543  ,-114.6491173 ,"['32003', '04015', '06071']"
Moapa NV 89025                                     ,NV    ,Moapa Travel Center and Casino                              ,36.6673648  ,-114.584977  ,"['32003', '32017']"
Moapa Recreation Center                            ,NV    ,Moapa Tribal Store                                          ,36.6711643  ,-114.5899422 ,"['32003', '32017']"
1027 Riverview Dr Gardnerville NV 89460            ,NV    ,Wa She Shu Center                                           ,38.91073545 ,-119.71623   ,"['06003', '06005', '06051', '32031', '06061', '32510', '32029', '32005', '32019', '06017']"
2552 NY-89 Seneca Falls NY 13148                   ,NY    ,Lakeside Entertainment II                                   ,42.90201176 ,-76.75482935 ,"['36123', '36075', '36067', '36097', '36099', '36069', '36117', '36011', '36109']"
271 Cayuga St Union Springs NY 13160               ,NY    ,Lakeside Entertainment III (E3)                             ,42.853649   ,-76.6914258  ,"['36123', '36075', '36067', '36097', '36099', '36069', '36117', '36011', '36109', '36023']"
27 Fall Street Seneca Falls NY 13148               ,NY    ,Lakeside Entertainment IV                                   ,42.91163395 ,-76.79792431 ,"['36123', '36075', '36067', '36097', '36099', '36069', '36117', '36011', '36109']"
126 E Bayard St. Seneca Falls NY 13148             ,NY    ,Lakeside Entertainment I                                    ,42.91117565 ,-76.78195741 ,"['36123', '36075', '36067', '36097', '36099', '36069', '36117', '36011', '36109']"
450 452 NY-31 Bridgeport NY 13030                  ,NY    ,Point Place Casino                                          ,43.1544035  ,-75.9729599  ,"['36053', '36065', '36075', '36067', '36049', '36023']"
5218 Patrick Rd Verona NY 13478                    ,NY    ,Turning Stone Casino                                        ,43.1146225  ,-75.5884599  ,"['36043', '36053', '36065', '36077', '36075', '36017', '36067', '36049']"
800 W Genesee St Chittenango NY 13037              ,NY    ,Yellow Brick Road Casino                                    ,43.0448887  ,-75.8815371  ,"['36053', '36065', '36075', '36017', '36067', '36023']"
873 NY-37 Hogansburg NY 13655                      ,NY    ,Akwesasne Mohawk Casino Resort Akwesasne Community Building ,44.97191414 ,-74.66153087 ,"['36033', '36089']"
5374 W Shore Rd Cuba NY 14727                      ,NY    ,Seneca Gaming and Entertainment - Oil Springs               ,42.260028   ,-78.299714   ,"['36029', '36009', '42083', '42105', '36121', '36051', '36003']"
1 Fulton St Buffalo NY 14204                       ,NY    ,Seneca Buffalo Creek Casino                                 ,42.87367575 ,-78.87024163 ,"['36013', '36029', '36009', '36121', '36037', '36063']"
768 Broad St Salamanca NY 14779                    ,NY    ,Seneca Gaming and Entertainment - Salamanca                 ,42.1598363  ,-78.7449136  ,"['36013', '36029', '36009', '42083', '42123']"
12746 Erie Street Irving NY 14081                  ,NY    ,Seneca Gaming and Entertainment - Irving                    ,42.5649255  ,-79.1110145  ,"['36013', '36029', '36009']"
310 4th St Niagara Falls NY 14303                  ,NY    ,Seneca Niagara Casino                                       ,43.0855629  ,-79.05785015 ,"['36029', '36063']"
777 Seneca Allegany Blvd Salamanca NY 14779        ,NY    ,Seneca Allegany Casino                                      ,42.15189204 ,-78.74387559 ,"['36013', '36029', '36009', '42083', '42123']"
2025 S Gordon Cooper Dr Shawnee OK 74801           ,OK    ,Thunderbird Casino - Shawnee                                ,35.2937119  ,-96.926138   ,"['40027', '40125', '40133', '40107', '40081', '40123', '40109', '40087']"
15700 OK-9 Norman OK 73026                         ,OK    ,Thunderbird Entertainment Center                            ,35.19028301 ,-97.25659487 ,"['40027', '40125', '40081', '40123', '40109', '40049', '40051', '40087']"
115 Evans Ave Apache OK 73006                      ,OK    ,Golden Eagle Casino                                         ,34.89324112 ,-98.3668253  ,"['40075', '40033', '40031', '40149', '40137', '40015', '40051']"
107 N Georgetown Rd Fort Gibson OK 74434           ,OK    ,Cherokee Casino - Fort Gibson                               ,35.7739631  ,-95.26935528 ,"['40145', '40135', '40101', '40131', '40021', '40061', '40091', '40097']"
109 Cherokee Blvd Roland OK 74954                  ,OK    ,Cherokee Casino - Roland                                    ,35.406106   ,-94.526517   ,"['40079', '40135', '40001', '40021', '40061', '05033', '05143', '05131']"
1621 W Ruth Ave Sallisaw OK 74955                  ,OK    ,Cherokee Casino - Sallisaw                                  ,35.4495825  ,-94.80742255 ,"['40079', '40135', '40101', '40001', '40021', '40061', '05033', '40077', '05131']"
1506 US-169 South Coffeyville OK 74072             ,OK    ,Cherokee Casino - South Coffeyville                         ,36.9879785  ,-95.6215486  ,"['40113', '40131', '40035', '20125', '40105', '20205', '20133', '40147', '20099', '20019']"
24979 US-59 Grove OK 74344                         ,OK    ,Cherokee Nation Grove Casino                                ,36.6023413  ,-94.7902701  ,"['05007', '40041', '40035', '29119', '20021', '40115', '29145', '40097']"
31501 US-75 Ramona OK 74061                        ,OK    ,Cherokee Casino Ramona                                      ,36.5337524  ,-95.9290826  ,"['40145', '40143', '40113', '40131', '40105', '40147']"
3457 Cherokee Springs Rd Tahlequah OK 74464        ,OK    ,Cherokee Casino - Tahlequah                                 ,35.8782721  ,-94.9749498  ,"['40145', '40135', '40101', '40041', '40001', '40021', '40061', '40097']"
2416 US-412 West Siloam Springs OK 74338           ,OK    ,Cherokee Casino - West Siloam Springs                       ,36.17652402 ,-94.56610843 ,"['05007', '40041', '40001', '40021', '29119', '05033', '05143']"
777 W Cherokee St Catoosa OK 74015                 ,OK    ,Hard Rock Hotel & Casino                                    ,36.16536205 ,-95.76543831 ,"['40145', '40143', '40113', '40101', '40131', '40037', '40105', '40111', '40147', '40097']"
20403 OK-33 Hammon OK 73650                        ,OK    ,Lucky Star Travel Center Casino - Hammon                    ,35.638809   ,-99.370888   ,"['40045', '40039', '40043', '40009', '40129', '40149']"
7805 US-81 El Reno OK 73036                        ,OK    ,Lucky Star Travel Center Casino - Concho                    ,35.4823694  ,-97.9388398  ,"['40073', '40027', '40017', '40109', '40083', '40015', '40051', '40011', '40087']"
1218 Knox Avenue Clinton OK 73601                  ,OK    ,Lucky Star Casino - Clinton                                 ,35.50741995 ,-98.97526238 ,"['40075', '40039', '40043', '40009', '40129', '40149', '40015', '40011']"
7777 US-81 El Reno OK 73036                        ,OK    ,Lucky Star Casino - Concho                                  ,35.4823694  ,-97.9388398  ,"['40073', '40027', '40017', '40109', '40083', '40015', '40051', '40011', '40087']"
Canton OK 73724                                    ,OK    ,Lucky Star Casino - Canton                                  ,36.0535702  ,-98.588543   ,"['40073', '40151', '40017', '40093', '40039', '40043', '40153', '40003', '40011']"
714 E A St Watonga OK 73772                        ,OK    ,Lucky Star Casino - Watonga                                 ,35.84319084 ,-98.40550086 ,"['40073', '40017', '40093', '40039', '40043', '40015', '40011']"
1500 N Country Club Rd Ada OK 74820                ,OK    ,Ada Gaming Center                                           ,34.7882083  ,-96.6524477  ,"['40125', '40133', '40069', '40099', '40123', '40063', '40029', '40049', '40087']"
930 W 8th St Ada OK 74820                          ,OK    ,Chickasaw Travel Stop - Ada Gaming West                     ,34.7777332  ,-96.69191921 ,"['40125', '40133', '40069', '40099', '40123', '40063', '40029', '40049', '40087']"
Wilson OK 73463                                    ,OK    ,Black Gold Casino - Wilson                                  ,34.1620385  ,-97.4258551  ,"['40067', '48337', '40019', '48097', '40099', '40085', '40137', '40049']"
7807 US-81 Duncan OK 73533                         ,OK    ,Chisholm Trail Casino                                       ,34.5848365  ,-97.96889045 ,"['40067', '40033', '40019', '40031', '40137', '40049', '40015', '40051', '40087']"
Kingston OK 73439                                  ,OK    ,West Bay Casino and Resort                                  ,33.9984099  ,-96.7198974  ,"['40013', '40095', '40005', '40019', '40069', '48097', '40099', '40085', '48181']"
2457 Highway 62 N Service Rd Newcastle OK 73065    ,OK    ,Newcastle Travel Center                                     ,35.27731855 ,-97.5987102  ,"['40027', '40017', '40109', '40049', '40051', '40087']"
301 Main St Terral OK 73569                        ,OK    ,Riverstar Casino                                            ,33.89931    ,-97.9379     ,"['40067', '48337', '40033', '40019', '48077', '40085', '40137', '48237']"
willis oklahoma 73439                              ,OK    ,Megastar Casino                                             ,33.8856574  ,-96.8291691  ,"['40013', '40095', '40019', '40069', '48097', '40085', '48181']"
2001 Airline Rd Pauls Valley OK 73075              ,OK    ,Jet Stream Casino                                           ,34.70522365 ,-97.24842427 ,"['40027', '40125', '40019', '40069', '40099', '40123', '40137', '40049', '40051', '40087']"
Davis OK 73030                                     ,OK    ,Chickasaw Travel Stop - Davis Gaming                        ,34.5034796  ,-97.1188924  ,"['40027', '40095', '40125', '40019', '40069', '40099', '40123', '40085', '40049', '40087']"
1600 US-81 Pocasset OK 73079                       ,OK    ,Salt Creek Casino                                           ,35.1755852  ,-97.96516459 ,"['40027', '40017', '40031', '40109', '40015', '40051', '40087']"
1200 W Main St Tishomingo OK 73460                 ,OK    ,Tishomingo Tobacco Games                                    ,34.240221   ,-96.69013398 ,"['40013', '40095', '40005', '40019', '40069', '48097', '40099', '40123', '40085', '40029', '48181']"
1001 W 1st St Sulphur OK 73086                     ,OK    ,Artesian Casino                                             ,34.50746665 ,-96.96809605 ,"['40095', '40125', '40133', '40019', '40069', '40099', '40123', '40049', '40087']"
777 Casino Ave Thackerville OK 73459               ,OK    ,Winstar World Casino and Resort                             ,33.75730355 ,-97.1316925  ,"['40095', '48337', '48497', '40019', '48097', '48121', '40085', '48181']"
777 Casino Ave Thackerville OK 73459               ,OK    ,Chickasaw Travel Stop - Thackerville Gaming                 ,33.75730355 ,-97.1316925  ,"['40095', '48337', '48497', '40019', '48097', '48121', '40085', '48181']"
777 Casino Ave Thackerville OK 73459               ,OK    ,Border Casino                                               ,33.75730355 ,-97.1316925  ,"['40095', '48337', '48497', '40019', '48097', '48121', '40085', '48181']"
Davis OK 73030                                     ,OK    ,Treasure Valley Casino                                      ,34.5034796  ,-97.1188924  ,"['40027', '40095', '40125', '40019', '40069', '40099', '40123', '40085', '40049', '40087']"
30639 OK-145 Paoli OK 73074                        ,OK    ,Washita Casino                                              ,34.8262862  ,-97.2854108  ,"['40027', '40125', '40019', '40099', '40123', '40137', '40049', '40051', '40087']"
1795 US-70 Kingston OK 73439                       ,OK    ,Texoma Casino                                               ,34.00005085 ,-96.68924882 ,"['40013', '40095', '40005', '40019', '40069', '48097', '40099', '40085', '48181', '48147']"
902 S 1st St Madill OK 73446                       ,OK    ,Madill Gaming Center                                        ,34.0791554  ,-96.76468558 ,"['40013', '40095', '40005', '40019', '40069', '48097', '40099', '40123', '40085', '40029', '48181']"
2457 Highway 62 N Service Rd Newcastle OK 73065    ,OK    ,Newcastle Gaming Center                                     ,35.27731855 ,-97.5987102  ,"['40027', '40017', '40109', '40049', '40051', '40087']"
1544 OK-9 Norman OK 73072                          ,OK    ,Riverwind Casino                                            ,35.23535904 ,-97.16394165 ,"['40027', '40125', '40133', '40081', '40123', '40109', '40049', '40087']"
1038 West Sycamore Road Norman OK 73072            ,OK    ,Goldsby Gaming Center                                       ,35.17449    ,-97.49200186 ,"['40027', '40125', '40017', '40109', '40049', '40051', '40087']"
1410 Sam Noble Pkwy Ardmore OK 73401               ,OK    ,Gold Mountain Casino - Ardmore                              ,34.1847577  ,-97.10863387 ,"['40095', '40019', '40069', '48097', '40099', '40123', '40085', '40049', '48181']"
505 US-59 Heavener OK 74937                        ,OK    ,Heavener Travel Plaza                                       ,34.88829968 ,-94.60380691 ,"['40079', '40135', '40089', '40127', '05113', '40061', '05127', '40077', '05131']"
1908 W Jackson St Hugo OK 74743                    ,OK    ,Choctaw Casino - Hugo Travel Center                         ,34.0206351  ,-95.53383679 ,"['40013', '40089', '40023', '48277', '40005', '40127', '48387', '48147']"
3380 Choctaw Rd Pocola OK 74902                    ,OK    ,Pocola Travel Plaza                                         ,35.2907847  ,-94.4407282  ,"['40079', '40135', '40001', '40061', '05083', '05047', '05127', '05033', '05131']"
108 SE Ave N Idabel OK 74745                       ,OK    ,Choctaw Casino - Idabel Travel Plaza                        ,33.8779294  ,-94.8127974  ,"['05133', '40089', '48037', '40023', '40127', '05081', '48387']"
1319 W Main St Antlers OK 74523                    ,OK    ,Choctaw Casino - Antlers Travel Plaza                       ,34.2337595  ,-95.6393931  ,"['40013', '40023', '48277', '40005', '40121', '40127']"
1502 US-271 Grant OK 74738                         ,OK    ,Choctaw Casino - Grant Travel Plaza                         ,33.948722   ,-95.52361    ,"['40013', '40089', '40023', '48277', '40005', '40127', '48387', '48147']"
1801 E Main St Stigler OK 74462                    ,OK    ,Choctaw Casino - Stigler                                    ,35.2515219  ,-95.1160526  ,"['40079', '40135', '40101', '40021', '40121', '40061', '40091', '40077']"
1638 S George Nigh Expy McAlester OK 74501         ,OK    ,Choctaw Casino - McAlester                                  ,34.88688025 ,-95.78530561 ,"['40005', '40121', '40127', '40061', '40091', '40063', '40029', '40077']"
1302 S Mississippi Ave Atoka OK 74525              ,OK    ,Choctaw Casino - Atoka Travel Plaza                         ,34.37457312 ,-96.13483804 ,"['40013', '40023', '40005', '40069', '40121', '40127', '40123', '40063', '40029']"
4105 N Broadway St Poteau OK 74953                 ,OK    ,Choctaw Casino - Poteau Travel Plaza                        ,35.0920347  ,-94.6314045  ,"['40079', '40135', '05113', '40061', '05127', '05033', '40077', '05131']"
897 US-69 Stringtown OK 74569                      ,OK    ,Choctaw Casino - Stringtown Travel Plaza                    ,34.4739894  ,-96.0520331  ,"['40013', '40023', '40005', '40069', '40121', '40127', '40123', '40063', '40029']"
902 W Main St Wilburton OK 74578                   ,OK    ,Choctaw Casino - Wilburton Travel Plaza                     ,34.912968   ,-95.321725   ,"['40079', '40101', '40121', '40127', '40061', '40091', '40077']"
1800 S Park Dr Broken Bow OK 74728                 ,OK    ,Choctaw Casino - Broken Bow Travel Plaza                    ,34.0260562  ,-94.7395856  ,"['05133', '40089', '48037', '40023', '40127', '05113', '05081', '48387']"
1425 E Washington St Idabel OK 74745               ,OK    ,Choctaw Casino - Idabel                                     ,33.9176411  ,-94.8430357  ,"['05133', '40089', '48037', '40023', '40127', '05081', '48387']"
3400 Choctaw Rd Pocola OK 74902                    ,OK    ,Choctaw Casino - Pocola                                     ,35.29052455 ,-94.4364955  ,"['40079', '40135', '40001', '40061', '05083', '05047', '05127', '05033', '05131']"
893 US-69 Stringtown OK 74569                      ,OK    ,Choctaw Casino - Stringtown                                 ,34.4739894  ,-96.0520331  ,"['40013', '40023', '40005', '40069', '40121', '40127', '40123', '40063', '40029']"
1640 S George Nigh Expy McAlester OK 74501         ,OK    ,Choctaw Casino Too - McAlester Travel Plaza                 ,34.8966488  ,-95.7629144  ,"['40005', '40121', '40127', '40061', '40091', '40063', '40029', '40077']"
4015 Choctaw Rd Durant OK 74701                    ,OK    ,Choctaw Casino - Durant Travel Plaza (East)                 ,33.95371675 ,-96.41532731 ,"['40013', '40095', '40005', '40069', '48181', '48147']"
4305 Choctaw Rd Calera OK 74730                    ,OK    ,Choctaw Casino - Durant Travel Plaza (West)                 ,33.954186   ,-96.431452   ,"['40013', '40095', '40005', '40069', '48181', '48147']"
4216 US-69 Durant OK 74701                         ,OK    ,Choctaw Casino and Resort - Durant                          ,33.9503842  ,-96.4139449  ,"['40013', '40095', '40005', '40069', '48181', '48147']"
41207 Hardesty Rd Shawnee OK 74801                 ,OK    ,Firelake Travel Plaza                                       ,35.3042494  ,-96.8952825  ,"['40027', '40125', '40133', '40107', '40037', '40081', '40123', '40109', '40087']"
41207 Hardesty Rd Shawnee OK 74801                 ,OK    ,Golf Clubhouse                                              ,35.3042494  ,-96.8952825  ,"['40027', '40125', '40133', '40107', '40037', '40081', '40123', '40109', '40087']"
41207 Hardesty Rd Shawnee OK 74801                 ,OK    ,Firelake Entertainment Center                               ,35.3042494  ,-96.8952825  ,"['40027', '40125', '40133', '40107', '40037', '40081', '40123', '40109', '40087']"
300 Smith Ave Dale OK 74851                        ,OK    ,Grand Casino Hotel Resort                                   ,35.388582   ,-97.045302   ,"['40027', '40125', '40133', '40107', '40081', '40109', '40083']"
Devol OK 73531                                     ,OK    ,War Pony Casino                                             ,34.1959245  ,-98.5900596  ,"['40141', '48485', '40033', '40031', '48009', '48487', '48077']"
16193 OK-115 Cache OK 73527                        ,OK    ,Comanche Cache Casino                                       ,34.695179   ,-98.6295148  ,"['40065', '40075', '40141', '40033', '40031', '40149', '40015']"
Devol OK 73531                                     ,OK    ,Comanche Nation Travel Plaza                                ,34.1959245  ,-98.5900596  ,"['40141', '48485', '40033', '40031', '48009', '48487', '48077']"
402 SE Interstate Dr Lawton OK 73501               ,OK    ,Comanche Nation Casino                                      ,34.603726   ,-98.37536998 ,"['40067', '40075', '40141', '40033', '40031', '40137', '40015', '40051']"
Devol OK 73531                                     ,OK    ,Comanche Red River Casino                                   ,34.1959245  ,-98.5900596  ,"['40141', '48485', '40033', '40031', '48009', '48487', '48077']"
8292 OK-17 Elgin OK 73538                          ,OK    ,Comanche Spur Casino                                        ,34.7829151  ,-98.29007592 ,"['40075', '40033', '40031', '40137', '40015', '40051']"
130 W Colorado Walters OK 73572                    ,OK    ,Comanche Star Casino                                        ,34.357867   ,-98.3097043  ,"['40067', '40141', '48485', '40033', '40031', '48077', '40137', '40051']"
220 E Cummins St Hinton OK 73047                   ,OK    ,Casino Oklahoma                                             ,35.521903   ,-98.355438   ,"['40073', '40017', '40039', '40043', '40149', '40015', '40051', '40011']"
31064 US-281 Anadarko OK 73005                     ,OK    ,Gold River Casino                                           ,35.0577982  ,-98.2519947  ,"['40075', '40017', '40031', '40149', '40137', '40015', '40051']"
Wyandotte OK 74370                                 ,OK    ,Bordertown Outpost Casino                                   ,36.7934028  ,-94.7252284  ,"['05007', '40041', '40035', '29119', '20021', '40115', '29097', '29145', '20099', '40097']"
70220 US-60 Wyandotte OK 74370                     ,OK    ,Indigo Sky Casino                                           ,36.804715   ,-94.7206655  ,"['05007', '40041', '40035', '29119', '20021', '40115', '29097', '29145', '20099', '40097']"
15175 OK-9 Anadarko OK 73005                       ,OK    ,Warm Springs Casino                                         ,35.0577982  ,-98.2519947  ,"['40075', '40017', '40031', '40149', '40137', '40015', '40051']"
2315 E Gore Blvd Lawton OK 73501                   ,OK    ,Apache Casino Hotel                                         ,34.6068428  ,-98.36070461 ,"['40067', '40075', '40141', '40033', '40031', '40137', '40015', '40051']"
821 W Freeman Ave Perkins OK 74059                 ,OK    ,Cimarron Casino                                             ,35.97808275 ,-97.04186415 ,"['40117', '40103', '40037', '40081', '40119', '40109', '40083']"
Tryon OK 74875                                     ,OK    ,Ioway Travel Plaza Casino                                   ,35.8697822  ,-96.9639173  ,"['40125', '40117', '40103', '40107', '40037', '40081', '40119', '40109', '40083']"
Warwick OK 74881                                   ,OK    ,Ioway Casino                                                ,35.6858959  ,-97.0041948  ,"['40027', '40125', '40133', '40107', '40037', '40081', '40119', '40109', '40083']"
9601 US-177 Braman OK 74632                        ,OK    ,Kanza Casino                                                ,36.9126295  ,-97.3236005  ,"['40113', '40103', '40053', '40047', '40071', '20191', '20035']"
9525 US-177 Braman OK 74632                        ,OK    ,Rock and Brews Casino                                       ,36.9126295  ,-97.3236005  ,"['40113', '40103', '40053', '40047', '40071', '20191', '20035']"
38900 W MacArthur St Shawnee OK 74804              ,OK    ,Kickapoo Casino - Shawnee                                   ,35.3617498  ,-96.9542996  ,"['40027', '40125', '40133', '40107', '40037', '40081', '40123', '40109', '40083', '40087']"
25230 US-62 Harrah OK 73045                        ,OK    ,Kickapoo Casino                                             ,35.4931157  ,-97.1905598  ,"['40027', '40125', '40133', '40081', '40109', '40083', '40087']"
514 OK-9 Carnegie OK 73015                         ,OK    ,Kiowa Casino Carnegie                                       ,35.10169885 ,-98.59589709 ,"['40075', '40017', '40039', '40031', '40149', '40015']"
100 Morris Ave Verden OK 73092                     ,OK    ,Kiowa Casino Verden                                         ,35.08576    ,-98.088965   ,"['40017', '40031', '40137', '40015', '40051', '40087']"
198131 OK-36 Devol OK 73531                        ,OK    ,Kiowa Casino Red River                                      ,34.1757532  ,-98.5727689  ,"['40067', '40141', '48485', '40033', '40031', '48009', '48487', '48077']"
509 Henley St Miami OK 74354                       ,OK    ,Prairie Moon Casino                                         ,36.8681011  ,-94.852926   ,"['40041', '40035', '29119', '20021', '40115', '29097', '29145', '20099', '40097']"
530 H St SE Miami OK 74354                         ,OK    ,The Stables Casino                                          ,36.86728441 ,-94.86910028 ,"['40041', '40035', '29119', '20021', '40115', '29097', '29145', '20099', '40097']"
830 N Broadway St Checotah OK 74426                ,OK    ,Creek Nation Casino - Checotah                              ,35.4781761  ,-95.52168338 ,"['40145', '40135', '40101', '40021', '40121', '40061', '40111', '40091']"
3950 N 32nd St Muskogee OK 74401                   ,OK    ,Creek Nation Travel Plaza - Muskogee                        ,35.79780283 ,-95.40173356 ,"['40145', '40135', '40143', '40101', '40131', '40021', '40111', '40091', '40097']"
2800 N Wood Dr Okmulgee OK 74447                   ,OK    ,Creek Nation Travel Plaza - Okmulgee                        ,35.6474444  ,-95.9628305  ,"['40145', '40143', '40101', '40107', '40037', '40111', '40091', '40063']"
211 E Willow St Holdenville OK 74848               ,OK    ,Creek Nation Casino - Holdenville                           ,35.09142    ,-96.40418157 ,"['40125', '40133', '40107', '40121', '40081', '40111', '40123', '40091', '40063', '40029']"
3420 W Peak Blvd Muskogee OK 74401                 ,OK    ,Creek Nation Casino - Muskogee                              ,35.7117095  ,-95.40450898 ,"['40145', '40135', '40143', '40101', '40131', '40021', '40121', '40061', '40111', '40091', '40097']"
Okemah OK 74859                                    ,OK    ,Creek Nation Casino - Okemah                                ,35.4325854  ,-96.3050064  ,"['40125', '40133', '40107', '40037', '40121', '40081', '40111', '40091', '40063']"
1901 N Wood Dr Okmulgee OK 74447                   ,OK    ,One Fire Casino                                             ,35.653592   ,-95.9621404  ,"['40145', '40143', '40101', '40107', '40037', '40111', '40091', '40063']"
8330 Riverside Pkwy Tulsa OK 74137                 ,OK    ,River Spirit Casino                                         ,36.0406503  ,-95.9639147  ,"['40145', '40143', '40113', '40117', '40101', '40131', '40037', '40111', '40147']"
121 W Lincoln Ave Bristow OK 74010                 ,OK    ,Creek Nation Casino - Bristow                               ,35.82670879 ,-96.39143302 ,"['40125', '40143', '40113', '40133', '40117', '40107', '40037', '40081', '40111', '40119']"
10085 Ferguson Rd Beggs OK 74421                   ,OK    ,Creek Nation Casino - Duck Creek                            ,35.8134858  ,-96.0708905  ,"['40145', '40143', '40113', '40117', '40101', '40131', '40107', '40037', '40111', '40091']"
806 Forest Ave Eufaula OK 74432                    ,OK    ,Creek Nation Casino - Eufaula                               ,35.28274532 ,-95.59062455 ,"['40101', '40107', '40121', '40061', '40111', '40091', '40063', '40077']"
Red Rock OK 74651                                  ,OK    ,7 Clans Paradise Casino                                     ,36.4592083  ,-97.1789322  ,"['40113', '40117', '40103', '40053', '40047', '40071', '40119', '40083']"
511 Kaw St Perry OK 73077                          ,OK    ,7 Clans Casino Perry                                        ,36.29579586 ,-97.28397225 ,"['40073', '40113', '40117', '40103', '40053', '40047', '40081', '40071', '40119', '40083']"
Red Rock OK 74651                                  ,OK    ,7 Clans Red Rock Casino                                     ,36.4592083  ,-97.1789322  ,"['40113', '40117', '40103', '40053', '40047', '40071', '40119', '40083']"
12901 US-77 Newkirk OK 74647                       ,OK    ,7 Clans Chilocco Casino                                     ,36.8863621  ,-97.0535824  ,"['40113', '40117', '40103', '40053', '40071', '20191', '20035']"
12875 US-77 Newkirk OK 74647                       ,OK    ,7 Clans First Council Casino                                ,36.8863621  ,-97.0535824  ,"['40113', '40117', '40103', '40053', '40071', '20191', '20035']"
Miami OK 74354                                     ,OK    ,High Winds Casino                                           ,36.8746177  ,-94.877374   ,"['40041', '40035', '29119', '20021', '40115', '29097', '29145', '20099', '40097']"
Yale OK 74085                                      ,OK    ,TeePee Casino                                               ,36.1142305  ,-96.6991933  ,"['40143', '40113', '40117', '40103', '40037', '40081', '40119']"
Glencoe OK 74032                                   ,OK    ,Stonewolf Casino                                            ,36.2286641  ,-96.925591   ,"['40113', '40117', '40103', '40037', '40081', '40071', '40119', '40083']"
291 Agency Rd Pawnee OK 74058                      ,OK    ,Pawnee Nation Trading Post & Casino                         ,36.33784085 ,-96.79400705 ,"['40113', '40117', '40103', '40037', '40081', '40071', '40119']"
Miami OK 74354                                     ,OK    ,Buffalo Run Casino                                          ,36.8746177  ,-94.877374   ,"['40041', '40035', '29119', '20021', '40115', '29097', '29145', '20099', '40097']"
Perry OK 73077                                     ,OK    ,Fancy Dance Casino                                          ,36.2907352  ,-97.288396   ,"['40073', '40113', '40117', '40103', '40053', '40047', '40081', '40071', '40119', '40083']"
commerce oklahoma                                  ,OK    ,Quapaw Casino                                               ,36.9334023  ,-94.8730095  ,"['40041', '40035', '20037', '29119', '20021', '40115', '29097', '29145', '20099']"
Quapaw OK 74363                                    ,OK    ,Downstream Casino                                           ,36.9545117  ,-94.7880057  ,"['40041', '40035', '20037', '29119', '20021', '40115', '29097', '29145', '20099']"
42008 Westech Rd Shawnee OK 74804                  ,OK    ,Black Hawk Casino                                           ,35.390934   ,-96.91174411 ,"['40027', '40125', '40133', '40107', '40037', '40081', '40123', '40109', '40083', '40087']"
Stroud OK 74079                                    ,OK    ,Sac and Fox Nation Casino - Stroud                          ,35.7477749  ,-96.6566742  ,"['40125', '40133', '40117', '40107', '40037', '40081', '40119']"
220 N Muskogee Ave Wewoka OK 74884                 ,OK    ,Wewoka Trading Post                                         ,35.1601265  ,-96.49067163 ,"['40125', '40133', '40107', '40121', '40081', '40123', '40063', '40029']"
Sasakwa OK 74867                                   ,OK    ,Seminole Nation Rivermist Casino                            ,34.9486951  ,-96.525289   ,"['40125', '40133', '40107', '40123', '40063', '40029', '40049', '40087']"
11267 I-40 Seminole OK 74868                       ,OK    ,Seminole Nation Casino                                      ,35.383495   ,-96.6717272  ,"['40125', '40133', '40107', '40037', '40081', '40063']"
Grove OK 74344                                     ,OK    ,Grand Lake Casino                                           ,36.5898616  ,-94.7685084  ,"['05007', '40041', '40001', '40035', '40021', '29119', '20021', '40115', '29145', '40097']"
Guymon OK 73942                                    ,OK    ,Golden Mesa Casino                                          ,36.6828041  ,-101.4815493 ,"['20189', '48421', '20129', '40139', '48195']"
64464 US-60 Ponca City OK 74604                    ,OK    ,Osage Casino Ponca City                                     ,36.6804465  ,-97.0598263  ,"['40113', '40117', '40103', '40053', '40047', '40071', '20191', '40119', '20035']"
Sand Springs OK 74063                              ,OK    ,Osage Casino Sand Springs                                   ,36.1394339  ,-96.1100025  ,"['40145', '40143', '40113', '40117', '40131', '40037', '40111', '40147']"
5591 W C Rogers Blvd Skiatook OK 74070             ,OK    ,Osage Casino Skiatook                                       ,36.3647792  ,-96.0877057  ,"['40145', '40143', '40113', '40117', '40131', '40037', '40105', '40147']"
951 West 36th St N Tulsa OK 74127                  ,OK    ,Osage Casino Tulsa                                          ,36.2059227  ,-96.0006425  ,"['40145', '40143', '40113', '40117', '40101', '40131', '40037', '40111', '40147']"
2001 US-60 Bartlesville OK 74003                   ,OK    ,Osage Casino Bartlesville                                   ,36.74322192 ,-95.95697761 ,"['40143', '40113', '40131', '20125', '40105', '40147', '20019']"
Hominy OK 74035                                    ,OK    ,Osage Casino Hominy                                         ,36.4155436  ,-96.3946535  ,"['40143', '40113', '40117', '40037', '40119', '40147']"
Pawhuska OK 74056                                  ,OK    ,Osage Casino Pawhuska                                       ,36.6633403  ,-96.3401208  ,"['40143', '40113', '40117', '40071', '40147', '20019', '20035']"
Okemah OK 74859                                    ,OK    ,Golden Pony Casino                                          ,35.4325854  ,-96.3050064  ,"['40125', '40133', '40107', '40037', '40121', '40081', '40111', '40091', '40063']"
Tonkawa OK 74653                                   ,OK    ,Tonkawa Gasino                                              ,36.6783679  ,-97.3100442  ,"['40113', '40117', '40103', '40053', '40047', '40071', '20191', '20035']"
16601 W South Ave Tonkawa OK 74653                 ,OK    ,Tonkawa Indian Casino West                                  ,36.695398   ,-97.282832   ,"['40113', '40117', '40103', '40053', '40047', '40071', '20191', '20035']"
12375 US-77 Newkirk OK 74647                       ,OK    ,Native Lights Casino                                        ,36.8863621  ,-97.0535824  ,"['40113', '40117', '40103', '40053', '40071', '20191', '20035']"
Anadarko OK 73005                                  ,OK    ,Sugar Creek Casino South                                    ,35.0725323  ,-98.243981   ,"['40075', '40017', '40031', '40149', '40137', '40015', '40051']"
Hinton OK 73047                                    ,OK    ,Sugar Creek Casino                                          ,35.4715518  ,-98.3556589  ,"['40073', '40017', '40039', '40149', '40015', '40051', '40011']"
Wyandotte OK 74370                                 ,OK    ,River Bend Casino                                           ,36.7934028  ,-94.7252284  ,"['05007', '40041', '40035', '29119', '20021', '40115', '29097', '29145', '20099', '40097']"
Wyandotte OK 74370                                 ,OK    ,Lucky Turtle Casino                                         ,36.7934028  ,-94.7252284  ,"['05007', '40041', '40035', '29119', '20021', '40115', '29097', '29145', '20099', '40097']"
5647 OR-126 Florence OR 97439                      ,OR    ,Three Rivers Casino - Florence                              ,43.98251385 ,-124.0873945 ,"['41039', '41019', '41003', '41011', '41041']"
1777 NW 44th St Lincoln City OR 97367              ,OR    ,Chinook Winds Casino Resort                                 ,44.99798475 ,-124.0094389 ,"['41057', '41041', '41053', '41071']"
valley junction oregon                             ,OR    ,Spirit Mountain Casino                                      ,45.0620578  ,-123.5720542 ,"['41003', '41057', '41041', '41053', '41071', '41067']"
46510 Wildhorse Blvd Pendleton OR 97801            ,OR    ,Wildhorse Gaming Resort and Casino                          ,45.64669315 ,-118.6802309 ,"['41061', '53071', '41059']"
215 NW Cherry Ln Madras OR 97741                   ,OR    ,Plateau Travel Plaza                                        ,44.66470501 ,-121.1336564 ,"['41017', '41065', '41031', '41013']"
3236 US-26 Warm Springs OR 97761                   ,OR    ,Indian Head Casino                                          ,44.76450765 ,-121.2511528 ,"['41017', '41065', '41031', '41013']"
3201 Tremont Ave North Bend OR 97459               ,OR    ,The Mill Casino                                             ,43.3945017  ,-124.2188157 ,"['41019', '41011']"
146 Chief Miwaleta Ln Canyonville OR 97417         ,OR    ,Seven Feathers Casino Resort                                ,42.9391606  ,-123.2832869 ,"['41033', '41019', '41029']"
34333 US-97 Chiloquin OR 97624                     ,OR    ,Kla-Mo-Ya Casino                                            ,42.5355525  ,-121.8827433 ,"['41035', '41029']"
202 SD-249 Fort Thompson SD 57339                  ,SD    ,Lode Star Casino                                            ,44.0738486  ,-99.4282421  ,"['46123', '46085', '46015', '46059', '46065', '46017', '46069']"
607 S Veterans St Flandreau SD 57028               ,SD    ,Royal River Casino and Hotel                                ,44.04382748 ,-96.60782702 ,"['46079', '46011', '46099', '27081', '27117', '27133', '46101']"
321 Sitting Bull St Lower Brule SD 57548           ,SD    ,Golden Buffalo Casino & Resort                              ,44.07124293 ,-99.57975733 ,"['46123', '46085', '46117', '46015', '46059', '46065', '46017', '46069']"
Martin SD 57551                                    ,SD    ,Prairie Wind Casino - Dome                                  ,43.17265    ,-101.7325257 ,"['46071', '31031', '31161', '46007', '46102']"
Martin SD 57551                                    ,SD    ,East Wind Casino                                            ,43.17265    ,-101.7325257 ,"['46071', '31031', '31161', '46007', '46102']"
Oglala SD 57770                                    ,SD    ,Prairie Wind Casino                                         ,43.188594   ,-102.739621  ,"['31161', '46047', '46033', '31045', '46102']"
Mission SD 57555                                   ,SD    ,Prairie Hills Class II Casino and Golf Course               ,43.305837   ,-100.658194  ,"['46095', '46075', '46121', '31031']"
30421 US-83 Valentine NE 69201                     ,SD    ,Rosebud Casino                                              ,42.8779533  ,-100.561326  ,"['46123', '31103', '46121', '31031', '31017']"
46102 SD-10 Sisseton SD 57262                      ,SD    ,Dakota Connection Casino                                    ,45.6600464  ,-97.0606007  ,"['27011', '46109', '27155', '46051', '46091', '46037', '38081', '38077']"
rauville SD 57201                                  ,SD    ,Dakota Sioux Casino                                         ,44.9796868  ,-97.1059073  ,"['46109', '46039', '46051', '46057', '46037', '46029', '46025']"
27903 US-12 Mobridge SD 57601                      ,SD    ,Grand River Casino & Resort                                 ,45.5372631  ,-100.397117  ,"['38085', '46041', '46107', '46129', '38029', '46031', '46021']"
pickstown SD 57356                                 ,SD    ,Fort Randall Casino                                         ,43.0672168  ,-98.5320265  ,"['46009', '46003', '46023', '31089', '46043', '31107', '46053', '31015']"
Livingston TX 77351                                ,TX    ,Naskila Gaming                                              ,30.711029   ,-94.9329898  ,"['48199', '48457', '48471', '48455', '48005', '48339', '48373', '48407', '48291']"
794 Lucky Eagle Dr Eagle Pass TX 78852             ,TX    ,Kickapoo Lucky Eagle Casino                                 ,28.61174185 ,-100.4405918 ,"['48323', '48507', '48127']"
580 Fort Rd Toppenish WA 98948                     ,WA    ,Yakama Nation Legends Casino                                ,46.37331335 ,-120.3413893 ,"['53037', '53077', '53039']"
12888 188th Ave SW Rochester WA 98579              ,WA    ,Lucky Eagle Casino and Hotel                                ,46.81400245 ,-123.1542262 ,"['53015', '53049', '53045', '53027', '53067', '53041', '53069']"
28968 US-97 Omak WA 98841                          ,WA    ,12 Tribes Resort Casino                                     ,48.4658609  ,-119.4815484 ,"['53047', '53017']"
Manson WA 98831-9577                               ,WA    ,Mill Bay Casino                                             ,47.847791   ,-120.0306565 ,"['53007', '53047', '53017']"
515 Birch St Coulee Dam WA 99116                   ,WA    ,Coulee Dam Casino                                           ,47.96626465 ,-118.9778406 ,"['53025', '53043', '53047', '53019', '53017']"
1 Cowlitz Wy Ridgefield WA 98642                   ,WA    ,ilani Casino Resort                                         ,45.8533857  ,-122.7072372 ,"['41005', '41051', '53015', '53011', '41009', '41067']"
270756 US-101 Sequim WA 98382                      ,WA    ,Seven Cedars Casino                                         ,48.0546427  ,-123.0482023 ,"['53009', '53031', '53055', '53029']"
Cusick WA 99119                                    ,WA    ,Kalispel Casino                                             ,48.3374055  ,-117.297165  ,"['53065', '53051', '53063', '16017']"
100 N Hayford Rd Airway Heights WA 99001           ,WA    ,Northern Quest Resort & Casino                              ,47.6589894  ,-117.5628866 ,"['53065', '53043', '53075', '53051', '53063']"
631 Stratton Rd Port Angeles WA 98363              ,WA    ,Elwha River Casino                                          ,48.13512245 ,-123.5462722 ,"['53009', '53031']"
4876 Haxton Way Ferndale WA 98248                  ,WA    ,Silver Reef Casino                                          ,48.81739875 ,-122.6253018 ,"['53073', '53057', '53055', '53029']"
2402 Auburn Way S Auburn WA 98002                  ,WA    ,Muckleshoot Casino I Casino and Resort                      ,47.2910587  ,-122.1956559 ,"['53053', '53033', '53035']"
12819 Yelm Hwy SE Olympia WA 98513                 ,WA    ,Red Wind Casino                                             ,47.0035651  ,-122.8778483 ,"['53053', '53045', '53027', '53067', '53035', '53041']"
9750 Northwood Rd Lynden WA 98264                  ,WA    ,Northwood Casino                                            ,48.9494028  ,-122.4078614 ,"['53073', '53057', '53055']"
Kingston WA 98346                                  ,WA    ,The Point Casino                                            ,47.7987627  ,-122.4990762 ,"['53031', '53053', '53061', '53045', '53033', '53029', '53035']"
2920 E R St Tacoma WA 98404                        ,WA    ,Emerald Queen Casino and Hotel                              ,47.23787195 ,-122.4082743 ,"['53053', '53045', '53033', '53067', '53035']"
5700 Pacific Hwy E Fife WA 98424                   ,WA    ,Emerald Queen Casino at Fife                                ,47.2421071  ,-122.3527359 ,"['53053', '53033', '53067', '53035']"
78 WA-115 Ocean Shores WA 98569                    ,WA    ,Quinault Beach Resort and Casino                            ,47.017354   ,-124.161346  ,"['53049', '53027']"
dexter by the sea washington 98590                 ,WA    ,Shoalwater Bay Casino                                       ,46.7212072  ,-124.0137803 ,"['53049', '41007', '53027']"
19330 US-101 Skokomish WA 98584                    ,WA    ,Lucky Dog Casino                                            ,47.3375509  ,-123.160326  ,"['53031', '53053', '53045', '53027', '53067', '53035']"
Snoqualmie WA 98065                                ,WA    ,Snoqualmie Casino                                           ,47.5289527  ,-121.827093  ,"['53037', '53053', '53061', '53033']"
2509 US-395 Chewelah WA 99109                      ,WA    ,Mistequa Casino                                             ,48.2804753  ,-117.7155651 ,"['53065', '53019', '53051', '53063']"
14300 US-2 Airway Heights WA 99001                 ,WA    ,Spokane Tribe Casino                                        ,47.6428558  ,-117.5843624 ,"['53065', '53043', '53075', '53051', '53063']"
Shelton WA 98584                                   ,WA    ,Little Creek Casino Resort                                  ,47.2150945  ,-123.100706  ,"['53031', '53053', '53045', '53027', '53067', '53035', '53041']"
3438 Stoluckquamish Ln Arlington WA 98223          ,WA    ,Angel of the Winds Casino                                   ,48.2135319  ,-122.1848541 ,"['53061', '53073', '53057', '53029']"
15347 Suquamish Way NE Suquamish WA 98392          ,WA    ,Clearwater Casino & Resort                                  ,47.71426992 ,-122.5709554 ,"['53009', '53031', '53053', '53061', '53045', '53033', '53029', '53035']"
Anacortes WA 98221                                 ,WA    ,Swinomish Casino & Lodge                                    ,48.516844   ,-122.6125717 ,"['53031', '53061', '53073', '53057', '53055', '53029']"
Tulalip WA 98271                                   ,WA    ,Tulalip Resort Casino                                       ,48.0656302  ,-122.286878  ,"['53031', '53061', '53033', '53057', '53029', '53035']"
Tulalip WA 98271                                   ,WA    ,Tulalip Bingo                                               ,48.0656302  ,-122.286878  ,"['53031', '53061', '53033', '53057', '53029', '53035']"
1211 2nd Street Marysville WA 98270                ,WA    ,Quil Ceda Creek Night Club & Casino                         ,48.0502614  ,-122.1815414 ,"['53061', '53033', '53057', '53029', '53035']"
5984 Darrk Ln Bow WA 98232                         ,WA    ,Skagit Valley Casino Resort                                 ,48.55999    ,-122.34663   ,"['53061', '53073', '53057', '53055', '53029']"
new odanah wisconsin                               ,WI    ,Bad River Lodge & Casino                                    ,46.596724   ,-90.656687   ,"['26053', '55003', '55051', '55007']"
1721 W Canal St Milwaukee WI 53233                 ,WI    ,Potawatomi Hotel & Casino                                   ,43.0304678  ,-87.93522984 ,"['55127', '55059', '55089', '55101', '55133', '55131', '55079']"
618 WI-32 Wabeno WI 54566                          ,WI    ,Carter Casino Hotel                                         ,45.3986668  ,-88.6278336  ,"['55037', '55075', '55085', '55067', '55083', '55041', '55078']"
N7198 US-45 Wittenberg WI 54499                    ,WI    ,Ho-Chunk Gaming - Wittenberg                                ,44.8522064  ,-89.1661479  ,"['55069', '55067', '55073', '55135', '55097', '55115', '55078']"
27867 WI-21 Tomah WI 54660                         ,WI    ,Ho-Chunk Gaming - Tomah                                     ,44.0188358  ,-90.4970134  ,"['55111', '55057', '55123', '55141', '55019', '55053', '55063', '55081']"
Nekoosa WI 54457                                   ,WI    ,Ho-Chunk Gaming - Nekoosa                                   ,44.3124644  ,-89.9042937  ,"['55001', '55057', '55073', '55097', '55141', '55019', '55137', '55053']"
W9010 WI-54 Black River Falls WI 54615             ,WI    ,Ho-Chunk Gaming - Black River Falls                         ,44.2945917  ,-90.8446571  ,"['55121', '55019', '55053', '55063', '55035', '55081']"
S3214 County Hwy BD Baraboo WI 53913               ,WI    ,Ho-Chunk Gaming - Wisconsin Dells                           ,43.486078   ,-89.77392    ,"['55111', '55001', '55057', '55077', '55025', '55021', '55049', '55103']"
4002 Evan Acres Rd Madison WI 53718                ,WI    ,Ho-Chunk Gaming - Madison                                   ,43.03957585 ,-89.27201971 ,"['55105', '55025', '55021', '55027', '55045', '55055']"
13110 Birch Ln Hayward WI 54843                    ,WI    ,Seven Winds Casino                                          ,45.99948163 ,-91.34924694 ,"['55003', '55113', '55007', '55005', '55031', '55129', '55107']"
13394 W Trepania Rd Hayward WI 54843               ,WI    ,Grindstone Creek Casino                                     ,45.9444132  ,-91.35952541 ,"['55113', '55007', '55005', '55031', '55129', '55107']"
510 Old Abe Rd Lac Du Flambeau WI 54538            ,WI    ,Lake of the Torches Resort Casino                           ,45.9741465  ,-89.89214    ,"['26053', '55003', '55051', '55069', '55085', '55125', '55099']"
N277 WI-47 Keshena WI 54135                        ,WI    ,Menominee Casino Resort                                     ,44.8635711  ,-88.628571   ,"['55067', '55083', '55135', '55087', '55115', '55078', '55009']"
BIA Rte 1016 Keshena WI 54135                      ,WI    ,Thunderbird C Store                                         ,44.903368   ,-88.6022002  ,"['55075', '55067', '55083', '55135', '55087', '55115', '55078', '55009']"
Pulaski WI 54162                                   ,WI    ,Oneida Travel Center                                        ,44.6722158  ,-88.2426026  ,"['55075', '55015', '55083', '55135', '55087', '55115', '55078', '55009']"
2020 Airport Drive Green Bay WI                    ,WI    ,Oneida Bingo & Casino                                       ,44.49593    ,-88.13020016 ,"['55015', '55071', '55083', '55087', '55115', '55009', '55061', '55139', '55029']"
3120 South Packerland Drive Green Bay WI           ,WI    ,Oneida Packerland One Stop                                  ,44.530021   ,-88.094613   ,"['55015', '55071', '55083', '55087', '55115', '55009', '55061', '55139', '55029']"
2522 W. Mason Street Green Bay WI                  ,WI    ,Mason Street Casino                                         ,44.52407179 ,-88.09385145 ,"['55015', '55071', '55083', '55087', '55115', '55009', '55061', '55139', '55029']"
2100 Airport Drive Green Bay WI                    ,WI    ,Imac Bingo Facility                                         ,44.4958058  ,-88.1272769  ,"['55015', '55071', '55083', '55087', '55115', '55009', '55061', '55139', '55029']"
37600 Onigamiing Dr Bayfield WI 54814              ,WI    ,Legendary Waters Resort and Casino                          ,46.8549186  ,-90.78749466 ,"['55003', '55051', '55007']"
3086 WI-55 Crandon WI 54520                        ,WI    ,Mole Lake Casino and Bingo                                  ,45.532755   ,-88.9488334  ,"['55037', '55085', '55067', '55083', '55125', '55041', '55078']"
777 US-8 Turtle Lake WI 54889                      ,WI    ,St. Croix Casino Turtle Lake                                ,45.3955641  ,-92.1665078  ,"['55005', '55129', '55033', '55109', '55095', '55013']"
hertel wisconsin                                   ,WI    ,St. Croix Casino Hertle Express                             ,45.8085575  ,-92.1751873  ,"['55005', '55031', '55129', '27115', '55095', '55013']"
Danbury WI 54830                                   ,WI    ,St. Croix Casino Danbury                                    ,46.0066117  ,-92.3713048  ,"['55005', '55031', '55129', '27017', '27115', '55095', '55013']"
Bowler WI 54416                                    ,WI    ,North Star Mohican Casino Resort                            ,44.8629629  ,-88.9815472  ,"['55067', '55073', '55083', '55135', '55097', '55087', '55115', '55078']"
Riverton WY 82501                                  ,WY    ,Wind River Casino                                           ,43.0247245  ,-108.380727  ,['56013']
800 Blue Sky Hwy Ethete WY 82520                   ,WY    ,Little Wind Casino                                          ,43.04304019 ,-108.7751275 ,['56013']
5690 US-287 Lander WY 82520                        ,WY    ,Shoshone Rose Casino                                        ,42.8322093  ,-108.726744  ,"['56013', '56035']"
