Address                                                               
310 Bayview Blvd Klawock AK 99925                                     
8th and Waterfront Metlakatla AK 99926                                
303 Poarch Rd Atmore AL 36502                                         
1801 Eddie L Tullis Rd Montgomery AL 36117                            
100 River Oaks Dr Wetumpka AL 36092                                   
15406 N Maricopa Rd Maricopa AZ 85139                                 
15318 S Avenue B Somerton AZ 85350                                    
11300 Resort Dr Parker AZ 85344                                       
10438 Wekopa Way Fort McDowell AZ 85264                               
8555 AZ-95 Mohave Valley AZ 86440                                     
6443 North Komatke Lane Laveen Arizona 85339                          
5040 Wild Horse Pass Blvd Chandler AZ 85226                           
1077 S Kyrene Rd Chandler AZ 85226                                    
22181 Resort Blvd Flagstaff AZ 86004                                  
5655 W Valencia Rd Tucson AZ 85757                                    
7406 S Camino De Oeste Tucson AZ 85746                                
524 N 92nd St Scottsdale AZ 85256                                     
9800 Talking Stick Way Scottsdale AZ 85256                            
777 Geronimo Springs Blvd San Carlos AZ 85550                         
777 Apache Sky Blvd Winkelmam AZ 85192                                
9431 W Northern Ave Glendale AZ 85305                                 
Highway 86 Milepost 55 Why AZ 5321                                    
7350 S Nogales Hwy Tucson AZ 85756                                    
1100 W Pima Mine Rd Sahuarita AZ 85629                                
Highway 87 Mile Marker 251 Payson AZ 85541                            
777 AZ-260 Pinetop AZ 85935                                           
2400 W. Datsi Street Camp Verde AZ 86322                              
1500 E. Highway 69 Prescott AZ 86301                                  
1505 AZ-69 Prescott AZ 86301                                          
32-250 Bob Hope Dr Rancho Mirage CA 92270                             
32-279 Bob Hope Dr Rancho Mirage CA 92270                             
68960 E Palm Canyon Dr Cathedral City CA 92234                        
401 E Amado Rd Palm Springs CA 92262                                  
901 Co Rd 56 Alturas CA 96101                                         
84-001 Avenue 54 Coachella CA 92236                                   
1932 Wildcat Canyon Rd Lakeside CA 92040                              
11 Bear Paws Way Loleta CA 95551                                      
10 Bear Paws Way Loleta CA 95551                                      
4020 Olive Hwy Oroville CA 95966                                      
37302 Rancheria Ln Auberry CA 93602                                   
2755 Mission Rancheria Rd Lakeport CA 95453                           
2742 N Sierra Hwy Bishop CA 93514                                     
Casino Way Blue Lake CA 95525                                         
777 Casino Way Blue Lake CA 95525                                     
4640 Coal Mine Rd Ione CA 95640                                       
84-245 Indio Springs Pkwy Indio CA 92203                              
3770 CA-45 Colusa CA 95932                                            
52702 CA-371 Anza CA 92539                                            
1800 Golden Acorn Way Campo CA 91906                                  
13145 Havasu Lake Rd Needles CA 92363                                 
27 Scenic Drive Trinidad Ca 95570                                     
9100 People of the Mountain Rd Jamestown CA 95327                     
77 BIA Rd 228 Redwood Valley CA 95470                                 
3250 CA-128 Geyserville CA 95441                                      
2021 Elk Rnch Rd Crescent City CA 95531                               
3317 Forty Mile Road Wheatland California 95682                       
288 Golf Course Dr W Rohnert Park CA 94928                            
139 US-395 Independence CA 93526                                      
635 CA-20 Upper Lake CA 95485                                         
12510 CA-96 Hoopa CA 95546                                            
12222 New York Ranch Rd Jackson CA 95642                              
14145 Campo Rd Jamul CA 91935                                         
777 Casino Way Yreka CA 96097                                         
13255 San Pablo Ave San Pablo CA 94806                                
22215 Windy Hollow Rd Point Arena CA 95468                            
22223 CA-29 Middletown CA 95461                                       
Feather Falls Casino & Lodge 3 Alverda Dr Oroville CA 95966           
49020 Seminole Dr Cabazon CA 92230                                    
48540 Morongo Trail Cabazon CA 92230                                  
49500 Seminole Dr Cabazon CA 92230                                    
49750 Seminole Dr Cabazon CA 92230                                    
11154 CA-76 Pala CA 92059                                             
2657 Everett Freeman Way Corning CA 96021                             
2645 Everett Freeman Way Corning CA 96021                             
777 Pauma Reservation Rd Pauma Valley CA 92061                        
45000 Pechanga Pkwy Temecula CA 92592                                 
711 Lucky Ln Coarsegold CA 93614                                      
20265 Tamarack Ave Burney CA 96013                                    
525 Algodones Rd Winterhaven CA 92283                                 
450 Quechan Dr Yuma AZ 85364                                          
2100 Redding Rancheria Rd Redding CA 96001                            
777 S Resort Dr Valley Center CA 92082                                
1545 CA-20 Nice CA 95464                                              
76700 Covelo Rd Covelo CA 95428                                       
16300 Nyemii Pass Rd Valley Center CA 92082                           
17225 Jersey Ave Lemoore CA 93245                                     
3400 CA-246 Santa Ynez CA 93460                                       
100 Kawi Pl Willits CA 95490                                          
1 Red Hawk Pkwy Placerville CA 95667                                  
22777 Soboba Rd San Jacinto CA 92583                                  
900 Skyline Rd Susanville CA 96130                                    
5469 Casino Way El Cajon CA 92019                                     
777 Jackpot Lane Friant CA 93626                                      
350 N Indian Rd Smith River CA 95567                                  
3089 Norm Niver Rd Thermal CA 92274                                   
1850 West St Porterville CA 93257                                     
19400 Tuolumne Rd N Tuolumne CA 95379                                 
73829 Baseline Rd Twentynine Palms CA 92277                           
1200 Athens Ave Lincoln CA 95648                                      
5000 Willows Rd Alpine CA 91901                                       
1 Sky River Pkwy Elk Grove CA 95757                                   
14455 CA-16 Brooks CA 95606                                           
777 San Manuel Blvd S Highland CA 92346                               
171 Klamath Blvd Klamath CA 95548                                     
14324 CO-172 Ignacio CO 81137                                         
3 Weeminuche Dr Towaoc CO 81334                                       
350 Trolley Line Blvd Mashantucket CT 06338                           
1 Mohegan Sun Blvd Uncasville CT 06382                                
500 SW 177th Ave Miami FL 33194                                       
5223 Orient Rd Tampa FL 33610                                         
17735 Reservation Rd Okeechobee FL 34974                              
5550 NW 40th St Coconut Creek FL 33073                                
506 S 1st St Immokalee FL 34142                                       
1 Seminole Way Hollywood FL 33314                                     
17214 210th St Onawa IA 51040                                         
1504 305th St Tama IA 52339                                           
1500 330th St Sloan IA 51055                                          
37914 S Nukwalqw St Worley ID 83876                                   
7169 Plaza St Bonners Ferry ID 83805                                  
17500 Nez Perce Rd Lewiston ID 83501                                  
419 3rd St Kamiah ID 83536                                            
1103 E County Rd Pocatello ID 83204                                   
777 Bannock Ave Building B Fort Hall ID 83203                         
843 North US-91 Blackfoot ID 83221                                    
3000 Prairie Ave South Bend IN 46614                                  
777 Jackpot Dr White Cloud KS 66094                                   
1121 Goldfinch Rd Horton KS 66439                                     
12305 150th Rd Mayetta KS 66509                                       
832 Martin Luther King Rd Charenton LA 70523                          
777 Coushatta Dr Kinder LA 70648                                      
3020 Hina Chata St Suite 2 Jena LA 71342                              
149 Chahta Trails Dry Prong LA 71423                                  
711 Paragon Pl Marksville LA 71351                                    
11386 W Lakeshore Dr Brimley MI 49715                                 
7741 M-72 Williamsburg MI 49690                                       
2521 N West Bay Shore Dr Peshawbestown MI 49682                       
W 399 US-2 Harris MI 49845                                            
16449 Michigan Avenue Baraga MI 49908-9209                            
105 Acre Trail Marquette MI 49855                                     
N5384 US-45 Watersmeet MI 49969                                       
2700 Orchard Hwy Manistee MI 49660                                    
1080 S Nicolet St Mackinaw City MI 49701                              
1760 Lears Rd Petoskey MI 49770                                       
1123 129th Ave Wayland MI 49348                                       
11177 E Michigan Ave Battle Creek MI 49014                            
58700 M-51 S Dowagiac MI 49047                                        
68600 Red Arrow Hwy Hartford MI 49057                                 
11111 Wilson Rd New Buffalo MI 49117                                  
6800 Soaring Eagle Blvd Mt Pleasant MI 48858                          
2690 Worth Rd Standish MI 48658                                       
N 3 Mile Rd Hessel MI 49745                                           
2186 Shunk Rd.Sault Ste. Marie MI 49783                               
5630 W US-2 Manistique MI 49854                                       
3015 Mackinac Trail St Ignace MI 49781                                
N7761 Candy Cane Ln Christmas MI 49862                                
1430 Bois Forte Rd Tower MN 55790                                     
1785 MN-210 Carlton MN 55718                                          
129 E Superior St Duluth MN 55802                                     
70 Casino Dr Grand Portage MN 55605                                   
4 County Rd 8 NE Bena MN 56626                                        
6268 Upper Cass Frontage Rd NW Cass Lake MN 56633                     
7114 Shingobee Rd NW Walker MN 56484                                  
45830 US-2 Deer River MN 56636                                        
6800 Y Frontage Rd NW Walker MN 56484                                 
39375 County Rd 24 Morton MN 56270                                    
777 Lady Luck Dr Hinckley MN 55037                                    
777 Grand Ave Onamia MN 56359                                         
5734 Sturgeon Lake Rd Welch MN 55089                                  
10200 MN-89 Red Lake MN 56671                                         
20595 Center St E Thief River Falls MN 56701                          
34966 605th Ave Warroad MN 56763                                      
2400 Mystic Lake Blvd NW Prior Lake MN 55372                          
2450 Sioux Trail NW Prior Lake MN 55372                               
5616 Prairies Edge Ln Granite Falls MN 56241                          
31948 Cherry Lake Rd Ogema MN 56569                                   
406 Main Ave Callaway MN 56521                                        
207 SW Main Street mahnomen mn                                        
1004 Pleasant Ave Waubun MN 56589                                     
777 S Casino Rd Mahnomen MN 56557                                     
1222 1st St Waubun MN 56589-4048                                      
27345 Co Rd 4 Naytahwaush MN 56566                                    
411 Main St E Ogema MN 56569                                          
230 Shore Avenue Naytahwaush MN 56566                                 
25921 County Rd 34 Ogema MN 56569                                     
30389 Co Hwy 35 Ponsford MN 56575                                     
500 Main St Bejou MN 56516                                            
40419 Elbow Lake Store Rd Waubun MN 56589                             
13541 MS-16 Choctaw MS 39350                                          
1 Choctaw Rd Heidelberg MS 39439                                      
13541 MS-16 Philadelphia MS 39350                                     
711 Grandma B Boulvard Brockton MT                                    
300 F St W Poplar MT 59255                                            
300 MT-25 Wolf Point MT 59201                                         
Highway 2 East Poplar Montana 59255                                   
132 US-2 Wolf Point MT 59201                                          
33 Dawson Ave East Glacier Park MT 59434                              
601 SE Boundary St Browning MT 59417                                  
46 Museum Lp Browning MT 59417                                        
11275 US-87 Box Elder MT 59521                                        
44297 A St Big Arm MT 59910                                           
20750 US-93 Missoula MT 59808                                         
49708 US-93 Polson MT 59860                                           
104 Assiniboine Ave Harlem MT 59526                                   
1/2 US-212 Lame Deer MT 59043                                         
538 Kings Mountain Blvd Kings Mountain NC 28086                       
777 Casino Dr Cherokee NC 28719                                       
777 Casino Pkwy Murphy NC 28906                                       
16849 102nd St SE Hankinson ND 58041                                  
7889 ND-57 St Michael ND 58370                                        
7932 ND-24 Fort Yates ND 58538                                        
202 Frontage Rd New Town ND 58763                                     
352 Main Street New Town North Dakota 58763                           
209 Main Street Spiritwood North Dakota 58481-4003                    
8210 39th St NW New Town ND 58763-9570                                
4418 147th Ave NW Williston ND 58801                                  
Nd-5 Belcourt ND 58316                                                
P.O. Box 900 4180 Highway 281 Belcourt ND 58316                       
3965 Sky Dancer Way NE Belcourt ND 58316                              
200 Main St Walthill NE 68067                                         
1031 Avenue H Carter Lake IA 51510                                    
53142 NE-12 Niobrara NE 68760                                         
214 Industrial Rd Winnebago NE 68071                                  
1106 Main St Emerson NE 68733                                         
25845 US-70 Mescalero NM 88340                                        
287 Carrizo Canyon Rd Mescalero NM 88340                              
2710 US-64 Shiprock NM 87420                                          
2752 Indian Service Rd 36 Farmington NM 87401                         
249 U.S. Rt. 66 Church Rock NM 87311                                  
68 NM-291 Ohkay Owingeh NM 87566                                      
7 Sky City Rd drive North Acomita Village NM 87007                    
I-40 & Exit 102 Acoma Pueblo NM 87034                                 
11000 Broadway Blvd SE Albuquerque NM 87105                           
14500 Central Ave SW Rio Puerco Albuquerque NM 87121                  
101 Capital Drive Laguna New Mexico 87026                             
Exit 108 167 Casa Blanca Rd I-40 Paraje NM 87007                      
30 Buffalo Thunder Trail Santa Fe NM 87506                            
10 Cities of Gold Rd Santa Fe NM 87506                                
25 Hagen Rd Algodones NM 87001                                        
30 Rainbow Rd Albuquerque NM 87113                                    
54 Jemez Canyon Dam Rd Bernalillo NM 87004                            
460 N Riverside Dr Española NM 87532                                  
700 Veterans Hwy Taos NM 87571                                        
7 Tesuque Rd Santa Fe NM 87506                                        
10000 Aha Macav Pkwy Laughlin NV 89029                                
Valley of Fire Highway and I-15 I-15 Moapa NV 89025                   
1 Lincoln St Moapa NV 89025                                           
1003 U.S. Hwy 395 N Gardnerville NV 89410                             
2552 NY-89 Seneca Falls NY 13148                                      
271 Cayuga St Union Springs NY 13160                                  
State Route 891 Seneca Fall NY.                                       
126 E Bayard St. Seneca Falls NY 13148                                
450 452 NY-31 Bridgeport NY 13030                                     
5218 Patrick Rd Verona NY 13478                                       
800 W Genesee St Chittenango NY 13037                                 
873 NY-37 Hogansburg NY 13655                                         
5374 W Shore Rd Cuba NY 14727                                         
1 Fulton St Buffalo NY 14204                                          
768 Broad St Salamanca NY 14779                                       
11099 Erie Rd Irving NY 14081                                         
310 4th St Niagara Falls NY 14303                                     
777 Seneca Allegany Blvd Salamanca NY 14779                           
2051 S Gordon Cooper Dr Shawnee OK 74801                              
15700 OK-9 Norman OK 73026                                            
115 Evans Ave Apache OK 73006                                         
107 N Georgetown Rd Fort Gibson OK 74434                              
109 Cherokee Blvd Roland OK 74954                                     
1621 W Ruth Ave Sallisaw OK 74955                                     
1506 US-169 South Coffeyville OK 74072                                
24979 US-59 Grove OK 74344                                            
31501 US-75 Ramona OK 74061                                           
3307 Seven Clans Ave Tahlequah OK 74464                               
2416 US-412 West Siloam Springs OK 74338                              
777 W Cherokee St Catoosa OK 74015                                    
20403 OK-33 Hammon OK 73650                                           
7805 US-81 El Reno OK 73036                                           
10347 N 2274 Rd Clinton OK 73601                                      
7777 US-81 El Reno OK 73036                                           
301 NW Lake Road Canton OK 73724                                      
1407 S Clarence Nash Blvd Suite B Watonga OK 73772                    
1500 N Country Club Rd Ada OK 74820                                   
14565 County Rd 3544 Ada OK 74820                                     
288 Mulberry Ln Wilson OK 73463                                       
7807 US-81 Duncan OK 73533                                            
11840 State Park Rd Kingston OK 73439                                 
235 N.W. 24th St. Newcastle Oklahoma 7306                             
11801 E2160 Rd Terral OK 73569                                        
4350 S Hwy 377 Kingston OK 73439                                      
2001 W Airline Rd Pauls Valley OK 73075                               
33967 N. County Road Davis Ok 73030                                   
1600 US-81 Pocasset OK 73079                                          
1200 W Main St Tishomingo OK 73460                                    
1001 W 1st St Sulphur OK 73086                                        
777 Casino Ave Thackerville OK 73459                                  
22983 Brown Springs Rd Thackerville OK 73459                          
22953 Brown Springs Rd Thackerville OK 73459                          
12252 Ruppe Road Davis OK 73030                                       
30639 OK-145 Paoli OK 73074                                           
1795 US-70 Kingston OK 73439                                          
902 S 1st St Madill OK 73446                                          
2457 Highway 62 N Service Rd Newcastle OK 73065                       
1544 OK-9 Norman OK 73072                                             
1038 W Sycamore Rd Norman OK 73072                                    
1410 Sam Noble Pkwy Ardmore OK 73401                                  
505 US-59 Heavener OK 74937                                           
1908 W Jackson St Hugo OK 74743                                       
3380 Choctaw Rd Pocola OK 74902                                       
2449 E SE Washington St Idabel OK 74745                               
1319 W Main St Antlers OK 74523                                       
1502 US-271 Grant OK 74738                                            
1801 E Main St Stigler OK 74462                                       
1638 S George Nigh Expy McAlester OK 74501                            
1302 S Mississippi Ave Atoka OK 74525                                 
4105 N Broadway St Poteau OK 74953                                    
897 US-69 Stringtown OK 74569                                         
902 W Main St Wilburton OK 74578                                      
1800 S Park Dr Broken Bow OK 74728                                    
1425 E Washington St Idabel OK 74745                                  
3400 Choctaw Rd Pocola OK 74902                                       
893 US-69 Stringtown OK 74569                                         
1640 S George Nigh Expy McAlester OK 74501                            
4015 Choctaw Rd Durant OK 74701                                       
4305 Choctaw Rd Calera OK 74730                                       
4216 US-69 Durant OK 74701                                            
765 Grand Casino Blvd Shawnee OK 74804                                
1901 S Gordon Cooper Dr Shawnee OK 74801                              
41207 Hardesty Rd Shawnee OK 74801                                    
777 Grand Casino Blvd Shawnee OK 74804                                
250652 E 2000 Rd Devol OK 73531                                       
16193 OK-115 Cache OK 73527                                           
250510 East 2000 Road Devol OK 73531                                  
402 SE Interstate Dr Lawton OK 73501                                  
196747 OK-36 Devol OK 73531                                           
9047 U.S. Highway 62 Elgin OK 73538                                   
263171 OK-53 Walters OK 73572                                         
220 E Cummins St Hinton OK 73047                                      
31064 US-281 Anadarko OK 73005                                        
69701 E 100 Rd Wyandotte OK 74370                                     
70220 US-60 Wyandotte OK 74370                                        
15175 OK-9 Anadarko OK 73005                                          
2315 E Gore Blvd Lawton OK 73501                                      
821 W Freeman Ave Perkins OK 74059                                    
750841 US-177 Tryon OK 74875                                          
338445 U.S. Rt. 66 Chandler OK 74834                                  
9601 US-177 Braman OK 74632                                           
9525 US-177 Braman OK 74632                                           
38900 W MacArthur St Shawnee OK 74804                                 
25230 US-62 Harrah OK 73045                                           
514 OK-9 Carnegie OK 73015                                            
33165 County Street 2740 Verden OK 73092                              
198131 OK-36 Devol OK 73531                                           
202 S Eight Tribe Trail Miami OK 74354                                
530 H St SE Miami OK 74354                                            
830 N Broadway St Checotah OK 74426                                   
3950 N 32nd St Muskogee OK 74401                                      
2800 N Wood Dr Okmulgee OK 74447                                      
211 E Willow St Holdenville OK 74848                                  
3420 W Peak Blvd Muskogee OK 74401                                    
S. 1100 S Woody Guthrie St Okemah OK 74859                            
1901 N Wood Dr Okmulgee OK 74447                                      
8330 Riverside Pkwy Tulsa OK 74137                                    
121 W Lincoln Ave Bristow OK 74010                                    
10085 Ferguson Rd Beggs OK 74421                                      
806 Forest Ave Eufaula OK 74432                                       
7500 US-177 Red Rock OK 74651                                         
511 Kaw St Perry OK 73077                                             
8401 Highway 177 Red Rock OK 74651                                    
12901 US-77 Newkirk OK 74647                                          
12875 US-77 Newkirk OK 74647                                          
61475 E 100 Rd Miami OK 74354                                         
28314 East 6th Street Yale OK 74085                                   
54251 South 34900 Road Pawnee OK 74058                                
291 Agency Rd Pawnee OK 74058                                         
1000 Buffalo Run Blvd Miami OK 74354                                  
8651 Quail Perry OK 73077                                             
58100 E 64 Rd Miami OK 74354                                          
69300 E Nee Rd Quapaw OK 74363                                        
42008 Westech Rd Shawnee OK 74804                                     
356120 926 Rd Stroud OK 74079                                         
220 N Muskogee Ave Wewoka OK 74884                                    
14313 Old Hwy 99 Konawa OK 74849                                      
11267 I-40 Seminole OK 74868                                          
24701 S 655 Rd Grove OK 74344                                         
2469 Mile 28 Road Guymon OK 73942                                     
64464 US-60 Ponca City OK 74604                                       
301 Blackjack Dr Sand Springs OK 74063                                
5591 W C Rogers Blvd Skiatook OK 74070                                
951 West 36th St N Tulsa OK 74127                                     
2001 US-60 Bartlesville OK 74003                                      
39 Deer Ave Hominy OK 74035                                           
1421 John Dahl Ave Pawhuska OK 74056                                  
109095 N3830 Rd Okemah OK 74859                                       
10750 Allen Dr Tonkawa OK 74653                                       
16601 W South Ave Tonkawa OK 74653                                    
12375 US-77 Newkirk OK 74647                                          
32107 Highway 281 North 1 mile North of on HWY #281 Anadarko OK 73005 
5304 N Broadway St Hinton OK 73047                                    
100 Jackpot Pl Wyandotte OK 74370                                     
64499 US-60 Wyandotte OK 74370                                        
5647 OR-126 Florence OR 97439                                         
1777 NW 44th St Lincoln City OR 97367                                 
27100 SW Salmon River Hwy Grand Ronde OR 9734                         
46510 Wildhorse Blvd Pendleton OR 97801                               
215 NW Cherry Ln Madras OR 97741                                      
3236 US-26 Warm Springs OR 97761                                      
3201 Tremont Ave North Bend OR 97459                                  
146 Chief Miwaleta Ln Canyonville OR 97417                            
34333 US-97 Chiloquin OR 97624                                        
202 SD-249 Fort Thompson SD 57339                                     
607 S Veterans St Flandreau SD 57028                                  
321 Sitting Bull St Lower Brule SD 57548                              
Highway 18 Pine Ridge SD 57770                                        
110 Grandma B Dr Martin SD 57551                                      
112 Casino Dr Pine Ridge SD 57770                                     
Mission Golf Course Mission SD 57555                                  
30421 US-83 Valentine NE 69201                                        
46102 SD-10 Sisseton SD 57262                                         
16415 Sioux Conifer Rd Watertown SD 57201                             
27903 US-12 Mobridge SD 57601                                         
7011 38538 SD-46 Lake Andes SD 57356                                  
540 State Park Rd 56 Livingston TX 77351                              
794 Lucky Eagle Dr Eagle Pass TX 78852                                
580 Fort Rd Toppenish WA 98948                                        
12888 188th Ave SW Rochester WA 98579                                 
28968 US-97 Omak WA 98841                                             
455 Wapato Lake Rd Manson WA 98831-9577                               
515 Birch St Coulee Dam WA 99116                                      
1 Cowlitz Wy Ridgefield WA 98642                                      
270756 US-101 Sequim WA 98382                                         
420 Qlispe River Rd Cusick WA 99119                                   
100 N Hayford Rd Airway Heights WA 99001                              
631 Stratton Rd Port Angeles WA 98363                                 
4876 Haxton Way Ferndale WA 98248                                     
Muckleshoot Casino Resort 2402 Auburn Way S Auburn WA 98002           
12819 Yelm Hwy SE Olympia WA 98513                                    
9750 Northwood Rd Lynden WA 98264                                     
7989 NE Salish Ln Kingston WA 98346                                   
2920 E R St Tacoma WA 98404                                           
5700 Pacific Hwy E Fife WA 98424                                      
78 WA-115 Ocean Shores WA 98569                                       
4112 WA-105 Tokeland WA 98590                                         
19330 US-101 Skokomish WA 98584                                       
37500 SE North Bend Way Snoqualmie WA 98065                           
2555 Smith Rd Chewelah WA 99109                                       
14300 US-2 Airway Heights WA 99001                                    
91 WA-108 Shelton WA 98584                                            
3438 Stoluckquamish Ln Arlington WA 98223                             
15347 Suquamish Way NE Suquamish WA 98392                             
12885 Casino Dr Anacortes WA 98221                                    
10200 Quil Ceda Blvd Tulalip WA 98271                                 
2911 Quil Ceda Blvd Tulalip WA 98271                                  
6221 31st Ave NE Tulalip WA 98271                                     
5984 Darrk Ln Bow WA 98232                                            
73370 US-2 Ashland WI 54806                                           
1721 W Canal St Milwaukee WI 53233                                    
618 WI-32 Wabeno WI 54566                                             
N7198 US-45 Wittenberg WI 54499                                       
27867 WI-21 Tomah WI 54660                                            
949 County Rd G Nekoosa WI 54457                                      
W9010 WI-54 Black River Falls WI 54615                                
S3214 County Hwy BD Baraboo WI 53913                                  
4002 Evan Acres Rd Madison WI 53718                                   
13767 W County Road B 13767 Co Rd B Hayward WI 54843                  
13394 W Trepania Rd Hayward WI 54843                                  
510 Old Abe Rd Lac Du Flambeau WI 54538                               
N277 WI-47 Keshena WI 54135                                           
BIA Rte 1016 Keshena WI 54135                                         
5939 Old Wisconsin 29 Pulaski WI 54162                                
2020 Airport DriveGreen Bay WI                                        
3120 South Packerland DriveGreen Bay WI                               
2522 W. Mason StreetGreen Bay WI                                      
2100 Airport DriveGreen Bay WI                                        
37600 Onigamiing Dr Bayfield WI 54814                                 
3086 WI-55 Crandon WI 54520                                           
777 US-8 Turtle Lake WI 54889                                         
4348 WI-70 Webster WI 54893                                           
30222 WI-35 #77 Danbury WI 54830                                      
W12180 Co Rd A Bowler WI 54416                                        
180 Red Wolf Place Riverton WY 82501                                  
800 Blue Sky Hwy Ethete WY 82520                                      
5690 US-287 Lander WY 82520                                           
