Address                                                               ,latitude,longitude,fips_codes
310 Bayview Blvd Klawock AK 99925                                     ,55.558551864215524,-133.09816532837021,['02198']
8th and Waterfront Metlakatla AK 99926                                ,,,
303 Poarch Rd Atmore AL 36502                                         ,,,
1801 Eddie L Tullis Rd Montgomery AL 36117                            ,32.425383,-86.1392198,"['01001', '01051', '01087', '01101', '01041', '01021', '01037', '01085', '01011', '01109', '01123']"
100 River Oaks Dr Wetumpka AL 36092                                   ,32.5271229,-86.21006333574087,"['01001', '01051', '01087', '01101', '01021', '01037', '01085', '01011', '01123']"
15406 N Maricopa Rd Maricopa AZ 85139                                 ,33.02299395,-112.04988984298828,"['04013', '04021']"
15318 S Avenue B Somerton AZ 85350                                    ,32.6186616,-114.6496882,"['06025', '04027', '04012']"
11300 Resort Dr Parker AZ 85344                                       ,,,
10438 Wekopa Way Fort McDowell AZ 85264                               ,,,
8555 AZ-95 Mohave Valley AZ 86440                                     ,34.90746005126062,-114.59800485118389,"['32003', '04015', '06071']"
6443 North Komatke Lane Laveen Arizona 85339                          ,,,
5040 Wild Horse Pass Blvd Chandler AZ 85226                           ,,,
1077 S Kyrene Rd Chandler AZ 85226                                    ,33.3191052,-111.9454993,"['04013', '04021']"
22181 Resort Blvd Flagstaff AZ 86004                                  ,,,
5655 W Valencia Rd Tucson AZ 85757                                    ,32.1339052,-110.990759,"['04023', '04021', '04019']"
7406 S Camino De Oeste Tucson AZ 85746                                ,,,
524 N 92nd St Scottsdale AZ 85256                                     ,33.4768157,-111.8826973,"['04013', '04021']"
9800 Talking Stick Way Scottsdale AZ 85256                            ,33.5408139,-111.86966668693623,"['04013', '04021']"
777 Geronimo Springs Blvd San Carlos AZ 85550                         ,,,
777 Apache Sky Blvd Winkelmam AZ 85192                                ,,,
9431 W Northern Ave Glendale AZ 85305                                 ,33.54668555,-112.2611264748243,"['04013', '04021', '04025']"
Highway 86 Milepost 55 Why AZ 5321                                    ,,,
7350 S Nogales Hwy Tucson AZ 85756                                    ,32.1256815,-110.9611126,"['04023', '04021', '04019']"
1100 W Pima Mine Rd Sahuarita AZ 85629                                ,32.001234,-110.9780074,"['04023', '04019']"
Highway 87 Mile Marker 251 Payson AZ 85541                            ,,,
777 AZ-260 Pinetop AZ 85935                                           ,34.12971953061224,-109.9462642244898,"['04007', '04001', '04017']"
2400 W. Datsi Street Camp Verde AZ 86322                              ,,,
1500 E. Highway 69 Prescott AZ 86301                                  ,,,
1505 AZ-69 Prescott AZ 86301                                          ,34.548172534799406,-112.44628599456163,['04025']
32-250 Bob Hope Dr Rancho Mirage CA 92270                             ,33.814819850000006,-116.40833097632355,"['06073', '06071', '06065']"
32-279 Bob Hope Dr Rancho Mirage CA 92270                             ,33.8151426,-116.4103821,"['06073', '06071', '06065']"
68960 E Palm Canyon Dr Cathedral City CA 92234                        ,33.77888994415348,-116.46071479257007,"['06073', '06071', '06065']"
401 E Amado Rd Palm Springs CA 92262                                  ,33.826751,-116.5238115,"['06073', '06071', '06065']"
901 Co Rd 56 Alturas CA 96101                                         ,,,
84-001 Avenue 54 Coachella CA 92236                                   ,,,
1932 Wildcat Canyon Rd Lakeside CA 92040                              ,32.890957,-116.891342,['06073']
11 Bear Paws Way Loleta CA 95551                                      ,,,
10 Bear Paws Way Loleta CA 95551                                      ,,,
4020 Olive Hwy Oroville CA 95966                                      ,39.5014381,-121.5314695,"['06057', '06115', '06101', '06063', '06011', '06021', '06007']"
37302 Rancheria Ln Auberry CA 93602                                   ,,,
2755 Mission Rancheria Rd Lakeport CA 95453                           ,,,
2742 N Sierra Hwy Bishop CA 93514                                     ,37.3758512,-118.4105953,"['06019', '06051', '06027', '32009']"
Casino Way Blue Lake CA 95525                                         ,,,
777 Casino Way Blue Lake CA 95525                                     ,,,
4640 Coal Mine Rd Ione CA 95640                                       ,,,
84-245 Indio Springs Pkwy Indio CA 92203                              ,33.720646,-116.18474359870595,"['06073', '06025', '06071', '06065']"
3770 CA-45 Colusa CA 95932                                            ,39.255378242480944,-122.03151757817574,"['06115', '06101', '06113', '06011', '06021', '06007']"
52702 CA-371 Anza CA 92539                                            ,,,
1800 Golden Acorn Way Campo CA 91906                                  ,32.7022228,-116.3548245,"['06073', '06025']"
13145 Havasu Lake Rd Needles CA 92363                                 ,,,
27 Scenic Drive Trinidad Ca 95570                                     ,41.05816623625796,-124.13735654176392,"['06023', '06015']"
9100 People of the Mountain Rd Jamestown CA 95327                     ,,,
77 BIA Rd 228 Redwood Valley CA 95470                                 ,,,
3250 CA-128 Geyserville CA 95441                                      ,38.70354065,-122.85842991146819,"['06033', '06045', '06055', '06097', '06041']"
2021 Elk Rnch Rd Crescent City CA 95531                               ,,,
3317 Forty Mile Road Wheatland California 95682                       ,39.0506909,-121.51181263119668,"['06057', '06115', '06101', '06113', '06011', '06061', '06067', '06007']"
288 Golf Course Dr W Rohnert Park CA 94928                            ,,,
139 US-395 Independence CA 93526                                      ,36.80284144897959,-118.19996287755102,"['06019', '06107', '06027']"
635 CA-20 Upper Lake CA 95485                                         ,39.16152566597906,-122.9035952019679,"['06033', '06045', '06097', '06011', '06021']"
12510 CA-96 Hoopa CA 95546                                            ,41.0588961,-123.6845383,"['06023', '06093', '06105', '06015']"
12222 New York Ranch Rd Jackson CA 95642                              ,38.3864424,-120.73378344549431,"['06005', '06009', '06099', '06077', '06109', '06017', '06067']"
14145 Campo Rd Jamul CA 91935                                         ,32.705086507386866,-116.869588883239,['06073']
777 Casino Way Yreka CA 96097                                         ,41.71187185,-122.63141244984305,"['06093', '41029', '06105']"
13255 San Pablo Ave San Pablo CA 94806                                ,37.9524169,-122.3345221920771,"['06001', '06013', '06081', '06055', '06097', '06095', '06041', '06075']"
22215 Windy Hollow Rd Point Arena CA 95468                            ,38.923563,-123.697321,"['06045', '06097']"
22223 CA-29 Middletown CA 95461                                       ,38.73012902576792,-122.62193927636476,"['06033', '06045', '06055', '06097', '06113', '06011']"
Feather Falls Casino & Lodge 3 Alverda Dr Oroville CA 95966           ,,,
49020 Seminole Dr Cabazon CA 92230                                    ,33.9192362,-116.7829501,"['06071', '06065']"
48540 Morongo Trail Cabazon CA 92230                                  ,,,
49500 Seminole Dr Cabazon CA 92230                                    ,33.9192362,-116.7829501,"['06071', '06065']"
49750 Seminole Dr Cabazon CA 92230                                    ,33.920765599999996,-116.79417949263365,"['06071', '06065']"
11154 CA-76 Pala CA 92059                                             ,33.363134,-117.08473039019958,"['06073', '06065']"
2657 Everett Freeman Way Corning CA 96021                             ,39.8708946,-122.21149493760049,"['06021', '06103', '06007']"
2645 Everett Freeman Way Corning CA 96021                             ,39.87330405,-122.20294475061503,"['06021', '06103', '06007']"
777 Pauma Reservation Rd Pauma Valley CA 92061                        ,33.330124299999994,-116.99121360821334,"['06073', '06065']"
45000 Pechanga Pkwy Temecula CA 92592                                 ,33.4555399,-117.1067578,"['06059', '06073', '06065']"
711 Lucky Ln Coarsegold CA 93614                                      ,,,
20265 Tamarack Ave Burney CA 96013                                    ,40.87628,-121.675274,"['06093', '06089', '06035', '06103', '06049']"
525 Algodones Rd Winterhaven CA 92283                                 ,32.741605750000005,-114.72265918135531,"['06025', '04027', '04012']"
450 Quechan Dr Yuma AZ 85364                                          ,32.734295200000005,-114.61314115785851,"['06025', '04027', '04012']"
2100 Redding Rancheria Rd Redding CA 96001                            ,40.5063738,-122.3796626,"['06089', '06103', '06105']"
777 S Resort Dr Valley Center CA 92082                                ,,,
1545 CA-20 Nice CA 95464                                              ,39.122077,-122.8408747,"['06033', '06045', '06097', '06011', '06021']"
76700 Covelo Rd Covelo CA 95428                                       ,39.739449,-123.259897,"['06023', '06033', '06045', '06021', '06103', '06105']"
16300 Nyemii Pass Rd Valley Center CA 92082                           ,,,
17225 Jersey Ave Lemoore CA 93245                                     ,,,
3400 CA-246 Santa Ynez CA 93460                                       ,34.60979402702703,-120.08701927027028,"['06079', '06083']"
100 Kawi Pl Willits CA 95490                                          ,39.39293515,-123.36279330995276,"['06033', '06045']"
1 Red Hawk Pkwy Placerville CA 95667                                  ,38.6966,-120.9077,"['06005', '06057', '06009', '06077', '06061', '06017', '06067']"
22777 Soboba Rd San Jacinto CA 92583                                  ,33.796501523620094,-116.92877180662457,"['06073', '06071', '06065']"
900 Skyline Rd Susanville CA 96130                                    ,40.430568050000005,-120.65759315378895,"['06063', '06035']"
5469 Casino Way El Cajon CA 92019                                     ,32.785800050000006,-116.82932411885754,['06073']
777 Jackpot Lane Friant CA 93626                                      ,,,
350 N Indian Rd Smith River CA 95567                                  ,,,
3089 Norm Niver Rd Thermal CA 92274                                   ,,,
1850 West St Porterville CA 93257                                     ,36.03115830612245,-119.0767322244898,"['06107', '06029']"
19400 Tuolumne Rd N Tuolumne CA 95379                                 ,37.9735756,-120.2387063,"['06047', '06009', '06043', '06099', '06109']"
73829 Baseline Rd Twentynine Palms CA 92277                           ,34.12111932955288,-116.0511209334315,"['06071', '06065']"
1200 Athens Ave Lincoln CA 95648                                      ,38.8403664,-121.31373658725462,"['06057', '06115', '06101', '06113', '06061', '06017', '06067']"
5000 Willows Rd Alpine CA 91901                                       ,32.84226475,-116.70578495635328,['06073']
1 Sky River Pkwy Elk Grove CA 95757                                   ,38.38033865,-121.36938238436278,"['06005', '06013', '06101', '06113', '06009', '06095', '06077', '06061', '06017', '06067']"
14455 CA-16 Brooks CA 95606                                           ,38.7365093,-122.1430966,"['06033', '06055', '06101', '06113', '06095', '06011']"
777 San Manuel Blvd S Highland CA 92346                               ,34.15068035,-117.22940545314115,"['06071', '06065']"
171 Klamath Blvd Klamath CA 95548                                     ,41.5294502,-124.03931219250586,"['06023', '06093', '06015']"
14324 CO-172 Ignacio CO 81137                                         ,37.1216081,-107.6341667,"['35039', '35045', '08053', '08007', '08067']"
3 Weeminuche Dr Towaoc CO 81334                                       ,37.2046236,-108.6853093,"['08083', '35045', '04001', '08033', '49037', '08067']"
350 Trolley Line Blvd Mashantucket CT 06338                           ,41.4717228,-71.9576205,"['36103', '09007', '09011', '44009', '44007', '09013', '44003', '09015']"
1 Mohegan Sun Blvd Uncasville CT 06382                                ,41.49236055,-72.08971323978389,"['36103', '09007', '09011', '44009', '44007', '09013', '44003', '09015', '09003']"
500 SW 177th Ave Miami FL 33194                                       ,25.7634818,-80.48456225449016,"['12086', '12087', '12021', '12011']"
5223 Orient Rd Tampa FL 33610                                         ,27.9627994,-82.3729934,"['12057', '12105', '12101', '12081', '12103']"
17735 Reservation Rd Okeechobee FL 34974                              ,,,
5550 NW 40th St Coconut Creek FL 33073                                ,26.278344346753748,-80.19955750019322,"['12086', '12099', '12011']"
506 S 1st St Immokalee FL 34142                                       ,26.425519,-81.417559,"['12071', '12021', '12051', '12015', '12043']"
1 Seminole Way Hollywood FL 33314                                     ,26.0530739,-80.2077538,"['12086', '12099', '12011']"
17214 210th St Onawa IA 51040                                         ,,,
1504 305th St Tama IA 52339                                           ,41.99700623665316,-92.66347940749553,"['19083', '19075', '19127', '19171', '19095', '19099', '19157', '19013', '19011']"
1500 330th St Sloan IA 51055                                          ,,,
37914 S Nukwalqw St Worley ID 83876                                   ,,,
7169 Plaza St Bonners Ferry ID 83805                                  ,48.6970607,-116.3087954,"['30053', '16021', '16017']"
17500 Nez Perce Rd Lewiston ID 83501                                  ,,,
419 3rd St Kamiah ID 83536                                            ,46.2305645,-116.0180918,"['16061', '16035', '16069', '16049']"
1103 E County Rd Pocatello ID 83204                                   ,,,
777 Bannock Ave Building B Fort Hall ID 83203                         ,,,
843 North US-91 Blackfoot ID 83221                                    ,43.1997545,-112.3325255,"['16029', '16051', '16019', '16011', '16077', '16005']"
3000 Prairie Ave South Bend IN 46614                                  ,41.644719,-86.291099,"['18099', '18085', '18091', '26159', '26027', '18141', '18149', '18039', '26021']"
777 Jackpot Dr White Cloud KS 66094                                   ,,,
1121 Goldfinch Rd Horton KS 66439                                     ,,,
12305 150th Rd Mayetta KS 66509                                       ,,,
832 Martin Luther King Rd Charenton LA 70523                          ,29.87146518615017,-91.5374768205985,"['22047', '22099', '22045', '22109', '22101', '22007']"
777 Coushatta Dr Kinder LA 70648                                      ,30.54588775,-92.81442419479613,"['22001', '22011', '22053', '22079', '22097', '22115', '22003', '22019', '22039']"
3020 Hina Chata St Suite 2 Jena LA 71342                              ,,,
149 Chahta Trails Dry Prong LA 71423                                  ,,,
711 Paragon Pl Marksville LA 71351                                    ,,,
11386 W Lakeshore Dr Brimley MI 49715                                 ,46.422646799999995,-84.60206142441425,"['26033', '26097']"
7741 M-72 Williamsburg MI 49690                                       ,44.774023650000004,-85.42179215258386,"['26055', '26089', '26165', '26079', '26019', '26009', '26029', '26113']"
2521 N West Bay Shore Dr Peshawbestown MI 49682                       ,,,
W 399 US-2 Harris MI 49845                                            ,45.702944349999996,-87.3374138652576,"['26041', '26103', '26043', '26109']"
16449 Michigan Avenue Baraga MI 49908-9209                            ,,,
105 Acre Trail Marquette MI 49855                                     ,46.47930926530612,-87.2426432244898,"['26041', '26103', '26003']"
N5384 US-45 Watersmeet MI 49969                                       ,46.2767826,-89.1776948,"['26053', '26071', '55085', '26061', '26131', '55125', '55041']"
2700 Orchard Hwy Manistee MI 49660                                    ,44.2858293,-86.2469730672838,"['26165', '26019', '26101', '26105', '26085']"
1080 S Nicolet St Mackinaw City MI 49701                              ,45.76761021428571,-84.73197174489796,"['26033', '26097', '26031', '26047']"
1760 Lears Rd Petoskey MI 49770                                       ,,,
1123 129th Ave Wayland MI 49348                                       ,42.6303661,-85.6612775,"['26015', '26159', '26077', '26067', '26005', '26025', '26081', '26139']"
11177 E Michigan Ave Battle Creek MI 49014                            ,42.3133591,-85.1695841,"['26015', '26023', '26149', '26045', '26077', '26005', '26025', '26059']"
58700 M-51 S Dowagiac MI 49047                                        ,,,
68600 Red Arrow Hwy Hartford MI 49057                                 ,42.19891788888889,-86.21155291919192,"['26159', '26027', '26005', '26021']"
11111 Wilson Rd New Buffalo MI 49117                                  ,41.770101715447154,-86.72216945528454,"['18099', '18091', '18141', '18149', '18127', '26021']"
6800 Soaring Eagle Blvd Mt Pleasant MI 48858                          ,43.60840435,-84.71299056472051,"['26051', '26133', '26035', '26117', '26073', '26057', '26111', '26145', '26107']"
2690 Worth Rd Standish MI 48658                                       ,43.9248331,-83.9499025,"['26051', '26017', '26011', '26069', '26111', '26129', '26145', '26157']"
N 3 Mile Rd Hessel MI 49745                                           ,,,
2186 Shunk Rd.Sault Ste. Marie MI 49783                               ,46.4748054,-84.32525625930596,"['26033', '26097']"
5630 W US-2 Manistique MI 49854                                       ,,,
3015 Mackinac Trail St Ignace MI 49781                                ,45.9290336,-84.7327477,"['26033', '26097', '26031', '26047']"
N7761 Candy Cane Ln Christmas MI 49862                                ,,,
1430 Bois Forte Rd Tower MN 55790                                     ,,,
1785 MN-210 Carlton MN 55718                                          ,46.6658247,-92.47807272887306,"['27137', '55031', '27017', '27115']"
129 E Superior St Duluth MN 55802                                     ,46.7888757,-92.0962346,"['27075', '27137', '55031', '27017', '27115']"
70 Casino Dr Grand Portage MN 55605                                   ,47.9539145,-89.69189543914197,['27031']
4 County Rd 8 NE Bena MN 56626                                        ,,,
6268 Upper Cass Frontage Rd NW Cass Lake MN 56633                     ,47.38312515696752,-94.61721578216581,"['27061', '27021', '27057', '27007']"
7114 Shingobee Rd NW Walker MN 56484                                  ,,,
45830 US-2 Deer River MN 56636                                        ,47.3343255,-93.7968975,"['27061', '27021', '27001']"
6800 Y Frontage Rd NW Walker MN 56484                                 ,,,
39375 County Rd 24 Morton MN 56270                                    ,,,
777 Lady Luck Dr Hinckley MN 55037                                    ,46.00977743184835,-92.9014655247732,"['27001', '27059', '27017', '27065', '27115', '27025', '55095', '55013']"
777 Grand Ave Onamia MN 56359                                         ,,,
5734 Sturgeon Lake Rd Welch MN 55089                                  ,,,
10200 MN-89 Red Lake MN 56671                                         ,47.7729778,-95.0037717,"['27029', '27057', '27007']"
20595 Center St E Thief River Falls MN 56701                          ,,,
34966 605th Ave Warroad MN 56763                                      ,,,
2400 Mystic Lake Blvd NW Prior Lake MN 55372                          ,44.730532499999995,-93.47763904676214,"['27053', '27139', '27171', '27131', '27123', '27019', '27079', '27143', '27037', '27003']"
2450 Sioux Trail NW Prior Lake MN 55372                               ,44.737017550000004,-93.47418276659394,"['27053', '27139', '27171', '27131', '27123', '27019', '27079', '27143', '27037', '27003']"
5616 Prairies Edge Ln Granite Falls MN 56241                          ,,,
31948 Cherry Lake Rd Ogema MN 56569                                   ,,,
406 Main Ave Callaway MN 56521                                        ,46.9809071110549,-95.90918635800395,"['27087', '27107', '27005', '27029', '27111', '27027']"
207 SW Main Street mahnomen mn                                        ,,,
1004 Pleasant Ave Waubun MN 56589                                     ,47.1805005,-95.9391091,"['27087', '27119', '27107', '27005', '27029', '27027']"
777 S Casino Rd Mahnomen MN 56557                                     ,47.30953801220625,-95.96493024883023,"['27087', '27119', '27107', '27005', '27029', '27027']"
1222 1st St Waubun MN 56589-4048                                      ,,,
27345 Co Rd 4 Naytahwaush MN 56566                                    ,,,
411 Main St E Ogema MN 56569                                          ,,,
230 Shore Avenue Naytahwaush MN 56566                                 ,,,
25921 County Rd 34 Ogema MN 56569                                     ,,,
30389 Co Hwy 35 Ponsford MN 56575                                     ,,,
500 Main St Bejou MN 56516                                            ,47.44219,-95.974467,"['27087', '27119', '27107', '27125', '27005', '27029', '27027']"
40419 Elbow Lake Store Rd Waubun MN 56589                             ,,,
13541 MS-16 Choctaw MS 39350                                          ,32.8667826,-90.815438,"['28055', '28163', '28149', '28151', '22035', '28051', '22065', '28053', '05017', '28049', '28133', '28125']"
1 Choctaw Rd Heidelberg MS 39439                                      ,31.7771355,-89.0089693,"['28023', '28153', '28129', '28067', '28041', '28031', '28035', '28111', '28061']"
13541 MS-16 Philadelphia MS 39350                                     ,32.75741400742036,-88.96876706899653,"['28007', '28075', '28103', '28159', '28069', '28019', '28099', '28101', '28079', '28123']"
711 Grandma B Boulvard Brockton MT                                    ,,,
300 F St W Poplar MT 59255                                            ,48.112844,-105.199467,"['30085', '30055', '30083', '30021']"
300 MT-25 Wolf Point MT 59201                                         ,48.0959595,-105.6163345,"['30085', '30105', '30055', '30083', '30021']"
Highway 2 East Poplar Montana 59255                                   ,,,
132 US-2 Wolf Point MT 59201                                          ,48.09573365,-105.63848525056858,"['30085', '30105', '30055', '30021']"
33 Dawson Ave East Glacier Park MT 59434                              ,48.44200964382849,-113.2178886336415,"['30029', '30073', '30099', '30035']"
601 SE Boundary St Browning MT 59417                                  ,48.54926185,-113.01193698780595,"['30029', '30073', '30099', '30035']"
46 Museum Lp Browning MT 59417                                        ,48.5562994,-113.0243553,"['30029', '30073', '30099', '30035']"
11275 US-87 Box Elder MT 59521                                        ,48.3885576,-109.9229815,"['30015', '30005', '30041']"
44297 A St Big Arm MT 59910                                           ,47.79925068065579,-114.29146278501997,"['30029', '30089', '30063', '30047']"
20750 US-93 Missoula MT 59808                                         ,47.07015847193233,-114.0654293218417,"['30081', '30061', '30089', '30063', '30047']"
49708 US-93 Polson MT 59860                                           ,47.69429092857143,-114.15842735714286,"['30029', '30089', '30063', '30047']"
104 Assiniboine Ave Harlem MT 59526                                   ,,,
1/2 US-212 Lame Deer MT 59043                                         ,45.6254589,-106.6582248,"['30087', '30003', '30075', '30103']"
538 Kings Mountain Blvd Kings Mountain NC 28086                       ,35.2397493,-81.3804084,"['45091', '37023', '37161', '45087', '45021', '45023', '37035', '37109', '37119', '37071', '37045']"
777 Casino Dr Cherokee NC 28719                                       ,,,
777 Casino Pkwy Murphy NC 28906                                       ,35.115273099999996,-83.99234246522104,"['13291', '37039', '37043', '37075', '13311', '47123', '47009', '37173', '37113', '13111', '47139', '13187', '13281', '13241']"
16849 102nd St SE Hankinson ND 58041                                  ,,,
7889 ND-57 St Michael ND 58370                                        ,48.016008600000006,-98.90807472477931,"['38005', '38071', '38103', '38095', '38027', '38031', '38063']"
7932 ND-24 Fort Yates ND 58538                                        ,46.0887664,-100.6702996,"['38037', '38085', '38059', '38029', '46031', '46021']"
202 Frontage Rd New Town ND 58763                                     ,,,
352 Main Street New Town North Dakota 58763                           ,47.979639717171715,-102.48781315151516,"['38053', '38055', '38061', '38105', '38025']"
209 Main Street Spiritwood North Dakota 58481-4003                    ,,,
8210 39th St NW New Town ND 58763-9570                                ,,,
4418 147th Ave NW Williston ND 58801                                  ,,,
Nd-5 Belcourt ND 58316                                                ,48.844034,-99.732593,"['38095', '38009', '38069', '38079']"
P.O. Box 900 4180 Highway 281 Belcourt ND 58316                       ,,,
3965 Sky Dancer Way NE Belcourt ND 58316                              ,,,
200 Main St Walthill NE 68067                                         ,42.148287,-96.487205,"['46127', '31051', '31053', '19133', '31039', '31021', '31173', '31179', '19149', '31043', '19193']"
1031 Avenue H Carter Lake IA 51510                                    ,41.281402466640294,-95.91543240216572,"['31153', '31053', '31177', '31055', '19071', '19085', '31025', '19129', '31155', '19155']"
53142 NE-12 Niobrara NE 68760                                         ,42.7526168,-98.0232686,"['46067', '46009', '46023', '31003', '31089', '31139', '46135', '31107', '31015']"
214 Industrial Rd Winnebago NE 68071                                  ,,,
1106 Main St Emerson NE 68733                                         ,42.27874275,-96.72634309191267,"['31167', '46127', '31051', '19133', '31039', '31021', '31173', '31179', '46027', '19149', '31027', '31043', '19193']"
25845 US-70 Mescalero NM 88340                                        ,33.1556934,-105.7701056,"['35027', '35035']"
287 Carrizo Canyon Rd Mescalero NM 88340                              ,,,
2710 US-64 Shiprock NM 87420                                          ,36.7842991,-108.6692588,"['08083', '35045', '04001', '49037', '08067']"
2752 Indian Service Rd 36 Farmington NM 87401                         ,,,
249 U.S. Rt. 66 Church Rock NM 87311                                  ,,,
68 NM-291 Ohkay Owingeh NM 87566                                      ,36.0681326,-106.0563469,"['35039', '35055', '35033', '35047', '35028', '35049', '35043']"
7 Sky City Rd drive North Acomita Village NM 87007                    ,,,
I-40 & Exit 102 Acoma Pueblo NM 87034                                 ,,,
11000 Broadway Blvd SE Albuquerque NM 87105                           ,35.043445,-106.647561,"['35057', '35061', '35001', '35006', '35049', '35043']"
14500 Central Ave SW Rio Puerco Albuquerque NM 87121                  ,,,
101 Capital Drive Laguna New Mexico 87026                             ,,,
Exit 108 167 Casa Blanca Rd I-40 Paraje NM 87007                      ,,,
30 Buffalo Thunder Trail Santa Fe NM 87506                            ,35.861443699999995,-105.99653891539467,"['35039', '35055', '35033', '35047', '35028', '35049', '35043']"
10 Cities of Gold Rd Santa Fe NM 87506                                ,35.8910839,-106.0201726,"['35039', '35055', '35033', '35047', '35028', '35049', '35043']"
25 Hagen Rd Algodones NM 87001                                        ,35.4163951,-106.4021018,"['35057', '35001', '35028', '35049', '35043']"
30 Rainbow Rd Albuquerque NM 87113                                    ,35.20707625,-106.56697092120322,"['35057', '35061', '35001', '35049', '35043']"
54 Jemez Canyon Dam Rd Bernalillo NM 87004                            ,,,
460 N Riverside Dr Española NM 87532                                  ,36.0201479,-106.0642059,"['35039', '35055', '35033', '35047', '35028', '35049', '35043']"
700 Veterans Hwy Taos NM 87571                                        ,36.4278054,-105.5621761,"['35007', '35039', '35055', '35033']"
7 Tesuque Rd Santa Fe NM 87506                                        ,35.768906400000006,-105.94577649896016,"['35039', '35055', '35033', '35047', '35028', '35049', '35043']"
10000 Aha Macav Pkwy Laughlin NV 89029                                ,35.0596543,-114.6491173,"['32003', '04015', '06071']"
Valley of Fire Highway and I-15 I-15 Moapa NV 89025                   ,,,
1 Lincoln St Moapa NV 89025                                           ,,,
1003 U.S. Hwy 395 N Gardnerville NV 89410                             ,,,
2552 NY-89 Seneca Falls NY 13148                                      ,42.90201176177428,-76.7548293482036,"['36123', '36075', '36067', '36097', '36099', '36069', '36117', '36011', '36109']"
271 Cayuga St Union Springs NY 13160                                  ,42.853649000000004,-76.691425796875,"['36123', '36075', '36067', '36097', '36099', '36069', '36117', '36011', '36109', '36023']"
State Route 891 Seneca Fall NY.                                       ,,,
126 E Bayard St. Seneca Falls NY 13148                                ,42.911175650000004,-76.78195740589294,"['36123', '36075', '36067', '36097', '36099', '36069', '36117', '36011', '36109']"
450 452 NY-31 Bridgeport NY 13030                                     ,43.1544035,-75.9729599,"['36053', '36065', '36075', '36067', '36049', '36023']"
5218 Patrick Rd Verona NY 13478                                       ,43.1146225,-75.5884599,"['36043', '36053', '36065', '36077', '36075', '36017', '36067', '36049']"
800 W Genesee St Chittenango NY 13037                                 ,43.0448887,-75.8815371,"['36053', '36065', '36075', '36017', '36067', '36023']"
873 NY-37 Hogansburg NY 13655                                         ,44.971914141414146,-74.66153087373738,"['36033', '36089']"
5374 W Shore Rd Cuba NY 14727                                         ,42.260028,-78.299714,"['36029', '36009', '42083', '42105', '36121', '36051', '36003']"
1 Fulton St Buffalo NY 14204                                          ,42.873675750000004,-78.87024162898967,"['36013', '36029', '36009', '36121', '36037', '36063']"
768 Broad St Salamanca NY 14779                                       ,42.1598363,-78.7449136,"['36013', '36029', '36009', '42083', '42123']"
11099 Erie Rd Irving NY 14081                                         ,,,
310 4th St Niagara Falls NY 14303                                     ,43.0855629040914,-79.05785014646857,"['36029', '36063']"
777 Seneca Allegany Blvd Salamanca NY 14779                           ,42.15189204345936,-78.74387559241333,"['36013', '36029', '36009', '42083', '42123']"
2051 S Gordon Cooper Dr Shawnee OK 74801                              ,,,
15700 OK-9 Norman OK 73026                                            ,35.19028301494859,-97.25659487041474,"['40027', '40125', '40081', '40123', '40109', '40049', '40051', '40087']"
115 Evans Ave Apache OK 73006                                         ,34.89324112244898,-98.36682529591837,"['40075', '40033', '40031', '40149', '40137', '40015', '40051']"
107 N Georgetown Rd Fort Gibson OK 74434                              ,35.773963097256235,-95.26935527528788,"['40145', '40135', '40101', '40131', '40021', '40061', '40091', '40097']"
109 Cherokee Blvd Roland OK 74954                                     ,35.406106,-94.526517,"['40079', '40135', '40001', '40021', '40061', '05033', '05143', '05131']"
1621 W Ruth Ave Sallisaw OK 74955                                     ,35.4495825,-94.80742255,"['40079', '40135', '40101', '40001', '40021', '40061', '05033', '40077', '05131']"
1506 US-169 South Coffeyville OK 74072                                ,36.9879785,-95.6215486,"['40113', '40131', '40035', '20125', '40105', '20205', '20133', '40147', '20099', '20019']"
24979 US-59 Grove OK 74344                                            ,36.6023413,-94.7902701,"['05007', '40041', '40035', '29119', '20021', '40115', '29145', '40097']"
31501 US-75 Ramona OK 74061                                           ,36.5337524,-95.9290826,"['40145', '40143', '40113', '40131', '40105', '40147']"
3307 Seven Clans Ave Tahlequah OK 74464                               ,,,
2416 US-412 West Siloam Springs OK 74338                              ,36.17652402040816,-94.56610842857143,"['05007', '40041', '40001', '40021', '29119', '05033', '05143']"
777 W Cherokee St Catoosa OK 74015                                    ,36.16536205,-95.76543831451113,"['40145', '40143', '40113', '40101', '40131', '40037', '40105', '40111', '40147', '40097']"
20403 OK-33 Hammon OK 73650                                           ,35.638809,-99.370888,"['40045', '40039', '40043', '40009', '40129', '40149']"
7805 US-81 El Reno OK 73036                                           ,35.4823694,-97.9388398,"['40073', '40027', '40017', '40109', '40083', '40015', '40051', '40011', '40087']"
10347 N 2274 Rd Clinton OK 73601                                      ,,,
7777 US-81 El Reno OK 73036                                           ,35.4823694,-97.9388398,"['40073', '40027', '40017', '40109', '40083', '40015', '40051', '40011', '40087']"
301 NW Lake Road Canton OK 73724                                      ,,,
1407 S Clarence Nash Blvd Suite B Watonga OK 73772                    ,,,
1500 N Country Club Rd Ada OK 74820                                   ,34.7882083,-96.6524477,"['40125', '40133', '40069', '40099', '40123', '40063', '40029', '40049', '40087']"
14565 County Rd 3544 Ada OK 74820                                     ,,,
288 Mulberry Ln Wilson OK 73463                                       ,,,
7807 US-81 Duncan OK 73533                                            ,34.5848365,-97.9688904498115,"['40067', '40033', '40019', '40031', '40137', '40049', '40015', '40051', '40087']"
11840 State Park Rd Kingston OK 73439                                 ,,,
235 N.W. 24th St. Newcastle Oklahoma 7306                             ,,,
11801 E2160 Rd Terral OK 73569                                        ,,,
4350 S Hwy 377 Kingston OK 73439                                      ,,,
2001 W Airline Rd Pauls Valley OK 73075                               ,,,
33967 N. County Road Davis Ok 73030                                   ,,,
1600 US-81 Pocasset OK 73079                                          ,35.1755852,-97.96516459235093,"['40027', '40017', '40031', '40109', '40015', '40051', '40087']"
1200 W Main St Tishomingo OK 73460                                    ,34.240221000000005,-96.6901339796438,"['40013', '40095', '40005', '40019', '40069', '48097', '40099', '40123', '40085', '40029', '48181']"
1001 W 1st St Sulphur OK 73086                                        ,34.50746665,-96.96809605449317,"['40095', '40125', '40133', '40019', '40069', '40099', '40123', '40049', '40087']"
777 Casino Ave Thackerville OK 73459                                  ,33.75730355,-97.13169250267897,"['40095', '48337', '48497', '40019', '48097', '48121', '40085', '48181']"
22983 Brown Springs Rd Thackerville OK 73459                          ,,,
22953 Brown Springs Rd Thackerville OK 73459                          ,,,
12252 Ruppe Road Davis OK 73030                                       ,,,
30639 OK-145 Paoli OK 73074                                           ,34.8262862,-97.2854108,"['40027', '40125', '40019', '40099', '40123', '40137', '40049', '40051', '40087']"
1795 US-70 Kingston OK 73439                                          ,34.00005085290109,-96.68924882490077,"['40013', '40095', '40005', '40019', '40069', '48097', '40099', '40085', '48181', '48147']"
902 S 1st St Madill OK 73446                                          ,34.0791554,-96.76468558194395,"['40013', '40095', '40005', '40019', '40069', '48097', '40099', '40123', '40085', '40029', '48181']"
2457 Highway 62 N Service Rd Newcastle OK 73065                       ,35.277318550000004,-97.59871019738344,"['40027', '40017', '40109', '40049', '40051', '40087']"
1544 OK-9 Norman OK 73072                                             ,35.235359035522094,-97.16394165247497,"['40027', '40125', '40133', '40081', '40123', '40109', '40049', '40087']"
1038 W Sycamore Rd Norman OK 73072                                    ,,,
1410 Sam Noble Pkwy Ardmore OK 73401                                  ,34.1847577,-97.10863387385447,"['40095', '40019', '40069', '48097', '40099', '40123', '40085', '40049', '48181']"
505 US-59 Heavener OK 74937                                           ,34.88829968055331,-94.6038069141869,"['40079', '40135', '40089', '40127', '05113', '40061', '05127', '40077', '05131']"
1908 W Jackson St Hugo OK 74743                                       ,34.0206351,-95.53383679469752,"['40013', '40089', '40023', '48277', '40005', '40127', '48387', '48147']"
3380 Choctaw Rd Pocola OK 74902                                       ,35.2907847,-94.4407282,"['40079', '40135', '40001', '40061', '05083', '05047', '05127', '05033', '05131']"
2449 E SE Washington St Idabel OK 74745                               ,,,
1319 W Main St Antlers OK 74523                                       ,34.2337595,-95.6393931,"['40013', '40023', '48277', '40005', '40121', '40127']"
1502 US-271 Grant OK 74738                                            ,33.948722,-95.52361,"['40013', '40089', '40023', '48277', '40005', '40127', '48387', '48147']"
1801 E Main St Stigler OK 74462                                       ,35.2515219,-95.1160526,"['40079', '40135', '40101', '40021', '40121', '40061', '40091', '40077']"
1638 S George Nigh Expy McAlester OK 74501                            ,34.886880250000004,-95.78530561324129,"['40005', '40121', '40127', '40061', '40091', '40063', '40029', '40077']"
1302 S Mississippi Ave Atoka OK 74525                                 ,34.37457312244898,-96.13483804081633,"['40013', '40023', '40005', '40069', '40121', '40127', '40123', '40063', '40029']"
4105 N Broadway St Poteau OK 74953                                    ,35.0920347,-94.6314045,"['40079', '40135', '05113', '40061', '05127', '05033', '40077', '05131']"
897 US-69 Stringtown OK 74569                                         ,34.4739894,-96.0520331,"['40013', '40023', '40005', '40069', '40121', '40127', '40123', '40063', '40029']"
902 W Main St Wilburton OK 74578                                      ,34.912968,-95.321725,"['40079', '40101', '40121', '40127', '40061', '40091', '40077']"
1800 S Park Dr Broken Bow OK 74728                                    ,34.0260562,-94.7395856,"['05133', '40089', '48037', '40023', '40127', '05113', '05081', '48387']"
1425 E Washington St Idabel OK 74745                                  ,33.9176411,-94.8430357,"['05133', '40089', '48037', '40023', '40127', '05081', '48387']"
3400 Choctaw Rd Pocola OK 74902                                       ,35.29052455,-94.43649550035695,"['40079', '40135', '40001', '40061', '05083', '05047', '05127', '05033', '05131']"
893 US-69 Stringtown OK 74569                                         ,34.4739894,-96.0520331,"['40013', '40023', '40005', '40069', '40121', '40127', '40123', '40063', '40029']"
1640 S George Nigh Expy McAlester OK 74501                            ,34.8966488,-95.7629144,"['40005', '40121', '40127', '40061', '40091', '40063', '40029', '40077']"
4015 Choctaw Rd Durant OK 74701                                       ,33.95371675,-96.41532731402195,"['40013', '40095', '40005', '40069', '48181', '48147']"
4305 Choctaw Rd Calera OK 74730                                       ,33.954186,-96.431452,"['40013', '40095', '40005', '40069', '48181', '48147']"
4216 US-69 Durant OK 74701                                            ,33.9503842,-96.4139449,"['40013', '40095', '40005', '40069', '48181', '48147']"
765 Grand Casino Blvd Shawnee OK 74804                                ,,,
1901 S Gordon Cooper Dr Shawnee OK 74801                              ,,,
41207 Hardesty Rd Shawnee OK 74801                                    ,35.3042494,-96.8952825,"['40027', '40125', '40133', '40107', '40037', '40081', '40123', '40109', '40087']"
777 Grand Casino Blvd Shawnee OK 74804                                ,,,
250652 E 2000 Rd Devol OK 73531                                       ,,,
16193 OK-115 Cache OK 73527                                           ,34.695179,-98.6295148,"['40065', '40075', '40141', '40033', '40031', '40149', '40015']"
250510 East 2000 Road Devol OK 73531                                  ,,,
402 SE Interstate Dr Lawton OK 73501                                  ,34.603725999999995,-98.37536997610208,"['40067', '40075', '40141', '40033', '40031', '40137', '40015', '40051']"
196747 OK-36 Devol OK 73531                                           ,,,
9047 U.S. Highway 62 Elgin OK 73538                                   ,,,
263171 OK-53 Walters OK 73572                                         ,,,
220 E Cummins St Hinton OK 73047                                      ,35.521903,-98.355438,"['40073', '40017', '40039', '40043', '40149', '40015', '40051', '40011']"
31064 US-281 Anadarko OK 73005                                        ,35.0577982,-98.2519947,"['40075', '40017', '40031', '40149', '40137', '40015', '40051']"
69701 E 100 Rd Wyandotte OK 74370                                     ,,,
70220 US-60 Wyandotte OK 74370                                        ,36.804715,-94.7206655,"['05007', '40041', '40035', '29119', '20021', '40115', '29097', '29145', '20099', '40097']"
15175 OK-9 Anadarko OK 73005                                          ,35.0577982,-98.2519947,"['40075', '40017', '40031', '40149', '40137', '40015', '40051']"
2315 E Gore Blvd Lawton OK 73501                                      ,34.606842799999995,-98.3607046114505,"['40067', '40075', '40141', '40033', '40031', '40137', '40015', '40051']"
821 W Freeman Ave Perkins OK 74059                                    ,35.97808275267908,-97.04186415144746,"['40117', '40103', '40037', '40081', '40119', '40109', '40083']"
750841 US-177 Tryon OK 74875                                          ,,,
338445 U.S. Rt. 66 Chandler OK 74834                                  ,,,
9601 US-177 Braman OK 74632                                           ,36.9126295,-97.3236005,"['40113', '40103', '40053', '40047', '40071', '20191', '20035']"
9525 US-177 Braman OK 74632                                           ,36.9126295,-97.3236005,"['40113', '40103', '40053', '40047', '40071', '20191', '20035']"
38900 W MacArthur St Shawnee OK 74804                                 ,35.3617498,-96.9542996,"['40027', '40125', '40133', '40107', '40037', '40081', '40123', '40109', '40083', '40087']"
25230 US-62 Harrah OK 73045                                           ,35.4931157,-97.1905598,"['40027', '40125', '40133', '40081', '40109', '40083', '40087']"
514 OK-9 Carnegie OK 73015                                            ,35.10169884848485,-98.59589709090909,"['40075', '40017', '40039', '40031', '40149', '40015']"
33165 County Street 2740 Verden OK 73092                              ,,,
198131 OK-36 Devol OK 73531                                           ,34.1757532,-98.5727689,"['40067', '40141', '48485', '40033', '40031', '48009', '48487', '48077']"
202 S Eight Tribe Trail Miami OK 74354                                ,,,
530 H St SE Miami OK 74354                                            ,36.86728441423413,-94.86910028059721,"['40041', '40035', '29119', '20021', '40115', '29097', '29145', '20099', '40097']"
830 N Broadway St Checotah OK 74426                                   ,35.478176100142825,-95.52168337541153,"['40145', '40135', '40101', '40021', '40121', '40061', '40111', '40091']"
3950 N 32nd St Muskogee OK 74401                                      ,35.79780282924925,-95.40173355779903,"['40145', '40135', '40143', '40101', '40131', '40021', '40111', '40091', '40097']"
2800 N Wood Dr Okmulgee OK 74447                                      ,35.6474444,-95.9628305,"['40145', '40143', '40101', '40107', '40037', '40111', '40091', '40063']"
211 E Willow St Holdenville OK 74848                                  ,35.09142,-96.40418157142857,"['40125', '40133', '40107', '40121', '40081', '40111', '40123', '40091', '40063', '40029']"
3420 W Peak Blvd Muskogee OK 74401                                    ,35.711709501836964,-95.40450898465353,"['40145', '40135', '40143', '40101', '40131', '40021', '40121', '40061', '40111', '40091', '40097']"
S. 1100 S Woody Guthrie St Okemah OK 74859                            ,,,
1901 N Wood Dr Okmulgee OK 74447                                      ,35.653592,-95.9621404,"['40145', '40143', '40101', '40107', '40037', '40111', '40091', '40063']"
8330 Riverside Pkwy Tulsa OK 74137                                    ,36.0406503,-95.9639147,"['40145', '40143', '40113', '40117', '40101', '40131', '40037', '40111', '40147']"
121 W Lincoln Ave Bristow OK 74010                                    ,35.82670879122166,-96.39143302379325,"['40125', '40143', '40113', '40133', '40117', '40107', '40037', '40081', '40111', '40119']"
10085 Ferguson Rd Beggs OK 74421                                      ,35.8134858,-96.0708905,"['40145', '40143', '40113', '40117', '40101', '40131', '40107', '40037', '40111', '40091']"
806 Forest Ave Eufaula OK 74432                                       ,35.28274532323233,-95.59062454545455,"['40101', '40107', '40121', '40061', '40111', '40091', '40063', '40077']"
7500 US-177 Red Rock OK 74651                                         ,,,
511 Kaw St Perry OK 73077                                             ,36.2957958644387,-97.28397224747046,"['40073', '40113', '40117', '40103', '40053', '40047', '40081', '40071', '40119', '40083']"
8401 Highway 177 Red Rock OK 74651                                    ,,,
12901 US-77 Newkirk OK 74647                                          ,36.8863621,-97.0535824,"['40113', '40117', '40103', '40053', '40071', '20191', '20035']"
12875 US-77 Newkirk OK 74647                                          ,36.8863621,-97.0535824,"['40113', '40117', '40103', '40053', '40071', '20191', '20035']"
61475 E 100 Rd Miami OK 74354                                         ,,,
28314 East 6th Street Yale OK 74085                                   ,,,
54251 South 34900 Road Pawnee OK 74058                                ,,,
291 Agency Rd Pawnee OK 74058                                         ,36.33784085,-96.79400705,"['40113', '40117', '40103', '40037', '40081', '40071', '40119']"
1000 Buffalo Run Blvd Miami OK 74354                                  ,,,
8651 Quail Perry OK 73077                                             ,,,
58100 E 64 Rd Miami OK 74354                                          ,,,
69300 E Nee Rd Quapaw OK 74363                                        ,,,
42008 Westech Rd Shawnee OK 74804                                     ,35.390934,-96.91174410684154,"['40027', '40125', '40133', '40107', '40037', '40081', '40123', '40109', '40083', '40087']"
356120 926 Rd Stroud OK 74079                                         ,,,
220 N Muskogee Ave Wewoka OK 74884                                    ,35.16012650406329,-96.49067162573023,"['40125', '40133', '40107', '40121', '40081', '40123', '40063', '40029']"
14313 Old Hwy 99 Konawa OK 74849                                      ,,,
11267 I-40 Seminole OK 74868                                          ,35.383495,-96.6717272,"['40125', '40133', '40107', '40037', '40081', '40063']"
24701 S 655 Rd Grove OK 74344                                         ,,,
2469 Mile 28 Road Guymon OK 73942                                     ,,,
64464 US-60 Ponca City OK 74604                                       ,36.6804465,-97.0598263,"['40113', '40117', '40103', '40053', '40047', '40071', '20191', '40119', '20035']"
301 Blackjack Dr Sand Springs OK 74063                                ,,,
5591 W C Rogers Blvd Skiatook OK 74070                                ,36.3647792,-96.0877057,"['40145', '40143', '40113', '40117', '40131', '40037', '40105', '40147']"
951 West 36th St N Tulsa OK 74127                                     ,36.2059227,-96.0006425,"['40145', '40143', '40113', '40117', '40101', '40131', '40037', '40111', '40147']"
2001 US-60 Bartlesville OK 74003                                      ,36.743221920160906,-95.9569776134285,"['40143', '40113', '40131', '20125', '40105', '40147', '20019']"
39 Deer Ave Hominy OK 74035                                           ,,,
1421 John Dahl Ave Pawhuska OK 74056                                  ,,,
109095 N3830 Rd Okemah OK 74859                                       ,,,
10750 Allen Dr Tonkawa OK 74653                                       ,,,
16601 W South Ave Tonkawa OK 74653                                    ,36.695398,-97.282832,"['40113', '40117', '40103', '40053', '40047', '40071', '20191', '20035']"
12375 US-77 Newkirk OK 74647                                          ,36.8863621,-97.0535824,"['40113', '40117', '40103', '40053', '40071', '20191', '20035']"
32107 Highway 281 North 1 mile North of on HWY #281 Anadarko OK 73005 ,,,
5304 N Broadway St Hinton OK 73047                                    ,,,
100 Jackpot Pl Wyandotte OK 74370                                     ,,,
64499 US-60 Wyandotte OK 74370                                        ,,,
5647 OR-126 Florence OR 97439                                         ,43.982513850000004,-124.08739448039057,"['41039', '41019', '41003', '41011', '41041']"
1777 NW 44th St Lincoln City OR 97367                                 ,44.99798475,-124.00943894816945,"['41057', '41041', '41053', '41071']"
27100 SW Salmon River Hwy Grand Ronde OR 9734                         ,,,
46510 Wildhorse Blvd Pendleton OR 97801                               ,45.646693150000004,-118.68023094276393,"['41061', '53071', '41059']"
215 NW Cherry Ln Madras OR 97741                                      ,44.66470500732926,-121.13365638345203,"['41017', '41065', '41031', '41013']"
3236 US-26 Warm Springs OR 97761                                      ,44.76450765,-121.2511527687013,"['41017', '41065', '41031', '41013']"
3201 Tremont Ave North Bend OR 97459                                  ,43.3945017,-124.2188157,"['41019', '41011']"
146 Chief Miwaleta Ln Canyonville OR 97417                            ,42.9391606,-123.2832869,"['41033', '41019', '41029']"
34333 US-97 Chiloquin OR 97624                                        ,42.5355525,-121.88274334384693,"['41035', '41029']"
202 SD-249 Fort Thompson SD 57339                                     ,44.0738486,-99.4282421,"['46123', '46085', '46015', '46059', '46065', '46017', '46069']"
607 S Veterans St Flandreau SD 57028                                  ,44.0438274756447,-96.60782701719198,"['46079', '46011', '46099', '27081', '27117', '27133', '46101']"
321 Sitting Bull St Lower Brule SD 57548                              ,44.07124293092008,-99.57975732567093,"['46123', '46085', '46117', '46015', '46059', '46065', '46017', '46069']"
Highway 18 Pine Ridge SD 57770                                        ,,,
110 Grandma B Dr Martin SD 57551                                      ,,,
112 Casino Dr Pine Ridge SD 57770                                     ,,,
Mission Golf Course Mission SD 57555                                  ,,,
30421 US-83 Valentine NE 69201                                        ,42.8779533,-100.561326,"['46123', '31103', '46121', '31031', '31017']"
46102 SD-10 Sisseton SD 57262                                         ,45.6600464,-97.0606007,"['27011', '46109', '27155', '46051', '46091', '46037', '38081', '38077']"
16415 Sioux Conifer Rd Watertown SD 57201                             ,,,
27903 US-12 Mobridge SD 57601                                         ,45.5372631,-100.397117,"['38085', '46041', '46107', '46129', '38029', '46031', '46021']"
7011 38538 SD-46 Lake Andes SD 57356                                  ,,,
540 State Park Rd 56 Livingston TX 77351                              ,,,
794 Lucky Eagle Dr Eagle Pass TX 78852                                ,28.61174185,-100.44059183103688,"['48323', '48507', '48127']"
580 Fort Rd Toppenish WA 98948                                        ,46.373313350000004,-120.34138929327253,"['53037', '53077', '53039']"
12888 188th Ave SW Rochester WA 98579                                 ,46.814002450000004,-123.15422615630382,"['53015', '53049', '53045', '53027', '53067', '53041', '53069']"
28968 US-97 Omak WA 98841                                             ,48.4658609,-119.4815484,"['53047', '53017']"
455 Wapato Lake Rd Manson WA 98831-9577                               ,,,
515 Birch St Coulee Dam WA 99116                                      ,47.96626465,-118.97784062353705,"['53025', '53043', '53047', '53019', '53017']"
1 Cowlitz Wy Ridgefield WA 98642                                      ,45.853385700000004,-122.70723723082823,"['41005', '41051', '53015', '53011', '41009', '41067']"
270756 US-101 Sequim WA 98382                                         ,48.0546427,-123.0482023,"['53009', '53031', '53055', '53029']"
420 Qlispe River Rd Cusick WA 99119                                   ,,,
100 N Hayford Rd Airway Heights WA 99001                              ,47.6589894,-117.56288661554832,"['53065', '53043', '53075', '53051', '53063']"
631 Stratton Rd Port Angeles WA 98363                                 ,48.13512245,-123.54627220958392,"['53009', '53031']"
4876 Haxton Way Ferndale WA 98248                                     ,48.81739875,-122.62530183490301,"['53073', '53057', '53055', '53029']"
Muckleshoot Casino Resort 2402 Auburn Way S Auburn WA 98002           ,,,
12819 Yelm Hwy SE Olympia WA 98513                                    ,47.0035651,-122.8778483,"['53053', '53045', '53027', '53067', '53035', '53041']"
9750 Northwood Rd Lynden WA 98264                                     ,48.9494028,-122.4078614,"['53073', '53057', '53055']"
7989 NE Salish Ln Kingston WA 98346                                   ,,,
2920 E R St Tacoma WA 98404                                           ,47.23787195,-122.40827430077451,"['53053', '53045', '53033', '53067', '53035']"
5700 Pacific Hwy E Fife WA 98424                                      ,47.2421071,-122.3527359,"['53053', '53033', '53067', '53035']"
78 WA-115 Ocean Shores WA 98569                                       ,47.017354,-124.161346,"['53049', '53027']"
4112 WA-105 Tokeland WA 98590                                         ,,,
19330 US-101 Skokomish WA 98584                                       ,47.3375509,-123.160326,"['53031', '53053', '53045', '53027', '53067', '53035']"
37500 SE North Bend Way Snoqualmie WA 98065                           ,,,
2555 Smith Rd Chewelah WA 99109                                       ,,,
14300 US-2 Airway Heights WA 99001                                    ,47.6428558,-117.5843624,"['53065', '53043', '53075', '53051', '53063']"
91 WA-108 Shelton WA 98584                                            ,,,
3438 Stoluckquamish Ln Arlington WA 98223                             ,48.2135319,-122.18485413395526,"['53061', '53073', '53057', '53029']"
15347 Suquamish Way NE Suquamish WA 98392                             ,47.714269916455095,-122.5709553664118,"['53009', '53031', '53053', '53061', '53045', '53033', '53029', '53035']"
12885 Casino Dr Anacortes WA 98221                                    ,,,
10200 Quil Ceda Blvd Tulalip WA 98271                                 ,,,
2911 Quil Ceda Blvd Tulalip WA 98271                                  ,,,
6221 31st Ave NE Tulalip WA 98271                                     ,,,
5984 Darrk Ln Bow WA 98232                                            ,48.55999,-122.34663,"['53061', '53073', '53057', '53055', '53029']"
73370 US-2 Ashland WI 54806                                           ,,,
1721 W Canal St Milwaukee WI 53233                                    ,43.0304678,-87.93522984361212,"['55127', '55059', '55089', '55101', '55133', '55131', '55079']"
618 WI-32 Wabeno WI 54566                                             ,45.3986668,-88.6278336,"['55037', '55075', '55085', '55067', '55083', '55041', '55078']"
N7198 US-45 Wittenberg WI 54499                                       ,44.8522064,-89.1661479,"['55069', '55067', '55073', '55135', '55097', '55115', '55078']"
27867 WI-21 Tomah WI 54660                                            ,44.0188358,-90.4970134,"['55111', '55057', '55123', '55141', '55019', '55053', '55063', '55081']"
949 County Rd G Nekoosa WI 54457                                      ,,,
W9010 WI-54 Black River Falls WI 54615                                ,44.2945917,-90.8446571,"['55121', '55019', '55053', '55063', '55035', '55081']"
S3214 County Hwy BD Baraboo WI 53913                                  ,43.486078,-89.77392,"['55111', '55001', '55057', '55077', '55025', '55021', '55049', '55103']"
4002 Evan Acres Rd Madison WI 53718                                   ,43.03957585,-89.2720197086822,"['55105', '55025', '55021', '55027', '55045', '55055']"
13767 W County Road B 13767 Co Rd B Hayward WI 54843                  ,,,
13394 W Trepania Rd Hayward WI 54843                                  ,45.9444132,-91.3595254121377,"['55113', '55007', '55005', '55031', '55129', '55107']"
510 Old Abe Rd Lac Du Flambeau WI 54538                               ,45.9741465,-89.89214,"['26053', '55003', '55051', '55069', '55085', '55125', '55099']"
N277 WI-47 Keshena WI 54135                                           ,44.8635711,-88.628571,"['55067', '55083', '55135', '55087', '55115', '55078', '55009']"
BIA Rte 1016 Keshena WI 54135                                         ,44.903368,-88.6022002,"['55075', '55067', '55083', '55135', '55087', '55115', '55078', '55009']"
5939 Old Wisconsin 29 Pulaski WI 54162                                ,,,
2020 Airport DriveGreen Bay WI                                        ,,,
3120 South Packerland DriveGreen Bay WI                               ,,,
2522 W. Mason StreetGreen Bay WI                                      ,,,
2100 Airport DriveGreen Bay WI                                        ,,,
37600 Onigamiing Dr Bayfield WI 54814                                 ,46.8549186,-90.7874946557014,"['55003', '55051', '55007']"
3086 WI-55 Crandon WI 54520                                           ,45.532755,-88.9488334,"['55037', '55085', '55067', '55083', '55125', '55041', '55078']"
777 US-8 Turtle Lake WI 54889                                         ,45.3955641,-92.1665078,"['55005', '55129', '55033', '55109', '55095', '55013']"
4348 WI-70 Webster WI 54893                                           ,,,
30222 WI-35 #77 Danbury WI 54830                                      ,,,
W12180 Co Rd A Bowler WI 54416                                        ,,,
180 Red Wolf Place Riverton WY 82501                                  ,,,
800 Blue Sky Hwy Ethete WY 82520                                      ,43.04304019367094,-108.77512749890715,['56013']
5690 US-287 Lander WY 82520                                           ,42.8322093,-108.726744,"['56013', '56035']"
